Order,Family,Genus,Species,Authority,CommonName,AdultBodyMass,DietBreadth,Diet: invertebrates,Diet: vertebrates,Diet: fruits,Diet: flower/nectar/pollen/gums,Diet: seeds,Diet: other plant materials,Diet: scavenge; garbage; carrion; offal; carcasses,TrophicLevel,ActivityCycle,ForagingStratum,MigratoryStatus,IncubationTime,ClutchSize,EggLength,EggWidth,EggMass,NestingHabit,MaxLongevity,Dry,Humid,Montane,Subarid,Subhumid,Alaotra.Mangoro,Amoron.i.Mania,Analamanga,Analanjirofo,Androy,Anosy,Atsimo.Andrefana,Atsimo.Atsinanana,Atsinanana,Betsiboka,Boeny,Bongolava,DIANA,Haute.Matsiatra,Ihorombe,Itasy,Melaky,Menabe,SAVA,Sofia,Vakinankaratra,Vatovavy.Fitovinany,Antananarivo,Antsiranana,Fianarantsoa,Mahajanga,Toamasina,Toliara,References
Accipitriformes,Accipitridae,Accipiter,Accipiter francesiae,"Smith, 1834",Frances's Sparrowhawk ,138.5,2,yes,yes,no,no,no,no,no,3,3,3,no,31,3,3.85,-999,-999,arboreal,-999,1,1,1,1,1,1,1,1,1,1,1,1,1,1,1,1,1,1,1,1,0,1,1,1,1,1,1,1,1,1,1,1,1,109; 254; 168; 376; 368; 199
Accipitriformes,Accipitridae,Accipiter,Accipiter henstii,"(Schlegel, 1873)",Henst's Goshawk ,1050,1,no,yes,no,no,no,no,no,3,2,3,no,39.5,2.5,58.5,46.95,-999,arboreal,-999,1,1,1,1,1,1,1,1,1,1,1,1,1,1,1,1,1,1,1,1,0,1,1,1,1,1,1,1,1,1,1,1,1,109; 254; 376; 200; 168
Accipitriformes,Accipitridae,Accipiter,Accipiter madagascariensis,"Smith, 1834",Madagascar Sparrowhawk ,181,2,yes,yes,no,no,no,no,no,3,3,3,no,35,2.5,38.35,31.9,-999,arboreal,-999,1,1,1,1,1,1,1,1,1,1,1,1,1,1,1,1,1,1,1,1,1,1,1,1,1,1,1,1,1,1,1,1,1,109; 254; 168; 376; 202
Accipitriformes,Accipitridae,Aviceda,Aviceda madagascariensis,"(Smith, 1834)",Madagascar Baza ,292,2,yes,yes,no,no,no,no,no,3,3,3,no,31,1.5,43.7,35.2,29.1,arboreal,-999,1,1,1,1,1,1,1,1,1,0,1,1,1,1,1,1,1,1,1,1,0,1,1,1,1,1,1,1,1,1,1,1,1,376; 331; 376; 168; 254; 195
Accipitriformes,Accipitridae,Buteo,Buteo brachypterus,"Hartlaub, 1860",Madagascar Buzzard ,511,2,yes,yes,no,no,no,no,no,3,3,4,no,35.5,2,54.5,45,-999,arboreal,144,1,1,1,1,1,1,1,1,1,1,1,1,1,1,1,1,1,1,1,1,1,1,1,1,1,1,1,1,1,1,1,1,1,109; 168; 254; 376; 198; 186
Accipitriformes,Accipitridae,Circus,Circus macrosceles,"Newton, 1863",Madagascar harrier,725,2,yes,yes,no,no,no,no,no,3,3,1,no,33,2.5,47.55,37.85,36.9,terrestrial,-999,1,1,1,1,1,1,1,1,1,1,1,1,1,1,1,1,1,1,1,1,1,1,1,1,1,1,1,1,1,1,1,1,1,109; 254; 376; 102; 168
Accipitriformes,Accipitridae,Eutriorchis,Eutriorchis astur,"(Sharpe, 1875)",Madagascar Serpent-eagle ,700,1,no,yes,no,no,no,no,no,3,3,3,no,40,1.5,-999,-999,-999,arboreal,-999,0,1,1,0,1,1,0,0,1,0,0,0,0,1,0,0,0,1,0,0,0,0,0,1,1,0,0,0,1,0,1,1,0,110; 168; 376; 254; 193
Accipitriformes,Accipitridae,Haliaeetus,Haliaeetus vociferoides,"Des Murs, 1845",Madagascar Fish-eagle ,3000,1,no,yes,no,no,no,no,no,3,3,1,no,39.7,2,69.2,52.6,100.9,arboreal,-999,1,0,0,1,1,0,0,0,0,1,1,1,0,0,1,1,0,1,0,0,0,1,1,0,1,1,0,1,1,0,1,0,1,109; 376; 201; 168
Accipitriformes,Accipitridae,Macheiramphus,Macheiramphus alcinus,"Westermann, 1851",Bat Hawk ,650,2,yes,yes,no,no,no,no,no,3,2,4,no,50.5,1,62,46,-999,arboreal,-999,1,1,0,1,1,1,1,1,1,1,1,1,1,1,1,1,1,1,1,1,1,1,1,1,1,1,1,1,1,1,1,1,1,109; 254; 168; 376; 203
Accipitriformes,Accipitridae,Milvus,Milvus migrans,"(Boddaert, 1783)",Black Kite ,567,3,yes,yes,no,no,no,no,yes,2,3,1,yes,32,2.5,51.1,39.15,56,arboreal,288,1,1,1,1,1,1,1,1,1,1,1,1,1,1,1,1,1,1,1,1,1,1,1,1,1,1,1,1,1,1,1,1,1,109; 376; 22; 272; 116; 22; 219; 4
Accipitriformes,Accipitridae,Polyboroides,Polyboroides radiatus,"(Scopoli, 1786)",Madagascar Harrier-hawk ,570,2,yes,yes,no,no,no,no,no,3,3,3,no,39,2,53.3,40.55,52.5,arboreal,-999,1,1,1,1,1,1,0,0,1,1,1,1,1,1,0,1,0,1,0,0,0,1,1,1,1,0,1,0,1,1,1,1,1,376; 254; 376; 196; 168
Anseriformes,Anatidae,Anas,Anas bernieri,"(Hartlaub, 1860)",Madagascar Teal ,376,3,yes,no,no,no,yes,yes,no,2,3,1,yes,27.5,6,46,34.6,29.85,arboreal,-999,1,1,0,1,1,1,0,0,0,0,0,1,0,0,0,1,0,1,0,0,0,1,1,0,1,0,0,0,1,0,1,1,1,310; 376; 22; 41; 22
Anseriformes,Anatidae,Anas,Anas erythrorhyncha,"Gmelin, 1789",Red-billed Duck ,559.5,4,yes,no,yes,no,yes,yes,no,2,3,1,no,26.5,10,50.05,38.05,38,terrestrial,-999,1,1,1,1,1,1,1,1,1,1,1,1,1,1,1,1,1,1,1,1,1,1,1,1,1,1,1,1,1,1,1,1,1,109; 254; 376; 43; 168
Anseriformes,Anatidae,Anas,Anas melleri,"P.L. Sclater, 1865",Meller's Duck ,960.5,3,yes,no,no,no,yes,yes,no,2,3,1,no,28.5,8,56.2,37.4,53.45,terrestrial,-999,1,1,1,1,1,1,1,1,1,0,1,0,1,1,1,0,1,1,1,1,1,0,0,1,1,1,1,1,1,1,1,1,1,109; 254; 376; 42; 168
Anseriformes,Anatidae,Aythya,Aythya innotata,"(Salvadori, 1894)",Madagascar Pochard ,685,2,yes,no,no,no,yes,no,no,2,3,1,no,27,8,55,40,-999,terrestrial,-999,1,0,0,0,1,1,0,0,0,0,0,0,0,0,0,0,0,0,0,0,0,0,0,0,1,0,0,0,0,0,1,1,0,109; 254; 376; 40; 168
Anseriformes,Anatidae,Dendrocygna,Dendrocygna viduata,"(Linnaeus, 1766)",White-faced Whistling-duck ,690,4,yes,no,yes,no,yes,yes,no,2,1,1,yes,27.5,7.5,49.1,38.25,35.25,terrestrial,144,1,1,1,1,1,1,1,1,1,1,1,1,1,1,1,1,1,1,1,1,1,1,1,1,1,1,1,1,1,1,1,1,1,109; 254; 376; 379; 22; 4
Anseriformes,Anatidae,Nettapus,Nettapus auritus,"(Boddaert, 1783)",African Pygmy-goose ,266,4,yes,yes,no,no,yes,yes,no,2,3,1,no,24.5,9,43.2,33.45,27,arboreal,-999,1,1,1,1,1,1,1,1,1,1,1,1,1,1,1,1,1,1,1,1,1,1,1,1,1,1,1,1,1,1,1,1,1,109; 254; 376; 37; 168
Anseriformes,Anatidae,Sarkidiornis,Sarkidiornis melanotos,"(Pennant, 1769)",Comb Duck ,2610,3,yes,no,no,no,yes,yes,no,2,3,1,yes,29,8,62,42.55,51,arboreal,-999,1,1,1,1,1,1,1,1,1,1,1,1,1,1,1,1,1,1,1,1,1,1,1,1,1,1,1,1,1,1,1,1,1,109; 254; 376; 36; 22
Anseriformes,Anatidae,Spatula,Spatula hottentota,"(Eyton, 1838)",Hottentot Teal ,280,4,yes,no,yes,no,yes,yes,no,2,2,1,no,26,8.5,44.5,32.5,26.5,aquatic,-999,1,1,1,1,1,1,1,1,1,1,1,1,1,1,1,1,1,1,1,1,1,1,1,1,1,1,1,1,1,1,1,1,1,109; 254; 376; 39; 168
Anseriformes,Anatidae ,Dendrocygna,Dendrocygna bicolor,"(Vieillot, 1816)",Fulvous Whistling-duck ,756.5,3,no,no,yes,no,yes,yes,no,1,3,1,yes,25.75,13.17,53.4,40.7,50.25,aquatic,134.4,1,1,1,1,1,1,1,1,1,1,1,1,1,1,1,1,1,1,1,1,1,1,1,1,1,1,1,1,1,1,1,1,1,109; 254; 376; 38; 22; 4; 219
Anseriformes,Anatidae ,Thalassornis,Thalassornis leuconotus,"Eyton, 1838",White-backed Duck ,707.5,3,yes,no,no,no,yes,yes,no,2,3,1,no,31,7,61.9,48.3,85.5,aquatic,-999,1,1,1,1,1,0,0,0,1,1,1,1,1,1,0,1,0,1,0,0,0,1,1,1,1,0,1,0,1,1,1,1,1,44; 44; 376; 168
Apodiformes,Apodidae,Apus,Apus affinis,"(Gray, 1830)",Little Swift ,17.9,1,yes,no,no,no,no,no,no,3,3,4,yes,23,2,-999,-999,2.42,manmade structure,-999,1,1,1,0,1,1,1,1,0,0,0,0,0,0,0,0,1,0,0,0,1,0,0,0,0,1,0,1,0,1,0,1,0,109; 254; 376; 56; 116; 219
Apodiformes,Apodidae,Apus,Apus balstoni,"(Bartlett, 1880)",Madagascar Swift ,46.1,1,yes,no,no,no,no,no,no,3,-999,1,no,19.6,2,-999,-999,3.58,aquatic,253,1,1,1,1,1,1,1,1,1,1,1,1,1,1,1,1,1,1,1,1,1,1,1,1,1,1,1,1,1,1,1,1,1,109; 254; 376; 97; 22; 255
Apodiformes,Apodidae,Apus,Apus barbatus,"(Sclater, 1865)",African Swift,42.5,1,yes,no,no,no,no,no,no,3,-999,4,yes,19.6,2,-999,-999,3.58,-999,253,0,0,0,0,0,0,0,0,0,0,0,0,0,0,0,0,0,0,0,0,0,0,0,0,0,0,0,0,0,0,0,0,0,59; 376; 22; 255
Apodiformes,Apodidae,Cypsiurus,Cypsiurus parvus,"(Lichtenstein, 1823)",African Palm-swift ,13.6,1,yes,no,no,no,no,no,no,3,2,4,no,20,2,19.2,12.6,1.36,arboreal,-999,1,1,1,1,1,1,1,1,1,1,1,1,1,1,1,1,1,1,1,1,0,1,1,1,1,1,1,1,1,1,1,1,1,109; 254; 376; 57; 368; 168; 255
Apodiformes,Apodidae,Tachymarptis,Tachymarptis melba,"(Linnaeus, 1758)",Alpine Swift ,98,1,yes,no,no,no,no,no,no,3,1,4,yes,20,3,-999,-999,6.05,manmade structure,312,1,1,1,1,1,1,1,1,1,1,1,1,1,1,1,1,1,1,1,1,1,1,1,1,1,1,1,1,1,1,1,1,1,60; 60; 376; 22; 219; 255
Apodiformes,Apodidae,Zoonavena,Zoonavena grandidieri,"(Verreaux, 1867)",Malagasy Spinetail ,10.5,1,yes,no,no,no,no,no,no,3,3,4,no,-999,-999,-999,-999,-999,arboreal,-999,1,1,1,1,1,1,1,1,1,1,1,1,1,1,1,1,1,1,1,1,1,1,1,1,1,1,1,1,1,1,1,1,1,376; 168; 376; 254; 58
Bucerotiformes,Phoenicopteridae,Phoeniconaias,Phoeniconaias minor,"(Geoffroy Saint-Hilaire, 1798)",Lesser Flamingo ,1500,2,yes,no,no,no,no,yes,no,2,3,1,yes,28,1,-999,-999,117.25,terrestrial,492,1,1,0,1,1,0,0,0,0,0,0,1,0,0,1,1,0,1,0,0,0,1,1,1,1,0,0,0,1,0,1,0,1,109; 254; 376; 90; 168; 255; 4
Bucerotiformes,Phoenicopteridae,Phoenicopterus,Phoenicopterus roseus,"Pallas, 1811",Greater Flamingo ,3035,4,yes,yes,no,no,yes,yes,no,2,3,1,yes,29.5,1,-999,-999,142,terrestrial,528,1,0,0,1,1,0,0,0,0,1,1,1,0,0,1,1,0,1,0,0,0,1,1,1,1,0,0,0,1,0,1,0,1,109; 376; 22; 92; 22; 4; 255
Bucerotiformes,Upipidae,Upupa,Upupa marginata,"Cabanis & Heine, 1860",Madagascar hoopoe,76.6,1,yes,no,no,no,no,no,no,3,3,1,no,15.5,6,25.05,17.65,4.45,arboreal,-999,1,1,1,1,1,1,1,1,1,0,1,0,1,1,1,0,0,1,1,1,0,0,0,1,1,1,1,1,1,1,1,1,1,310; 254; 168; 96; 376; 255
Caprimulgiformes,Caprimulgidae,Gactornis,Gactornis enarratus,"(Gray, 1871)",Collared Nightjar ,52.8,1,yes,no,no,no,no,no,no,3,1,3,no,-999,2,-999,-999,-999,terrestrial,-999,1,1,1,1,1,1,1,1,1,0,1,0,1,1,1,0,0,1,1,1,0,0,1,1,1,1,1,1,1,1,1,1,1,109; 254; 168; 376; 65
Caprimulgiformes,Caprimulgidae ,Caprimulgus,Caprimulgus madagascariensis,"Sganzin, 1840",Madagascar Nightjar ,41.1,1,yes,no,no,no,no,no,no,3,1,4,no,-999,2,-999,-999,-999,terrestrial,-999,1,1,1,1,1,1,1,1,1,1,1,1,1,1,1,1,1,1,1,1,1,1,1,1,1,1,1,1,1,1,1,1,1,109; 254; 168; 376; 66
Casuariiformes,Dromadidae,Dromas,Dromas ardeola,"Paykull, 1805",Crab Plover ,325,1,yes,no,no,no,no,no,no,3,2,1,yes,32.5,1,62.75,45.5,45,terrestrial,-999,1,1,0,1,1,0,0,0,1,1,1,1,1,1,0,1,0,1,0,0,0,1,1,1,1,0,1,0,1,1,1,1,1,109; 254; 376; 306; 168; 219
Charadriiformes,Charadriidae,Charadrius,Charadrius bifrontatus,"Cabanis, 1882",Three-banded Plover ,31.2,1,yes,no,no,no,no,no,no,3,2,1,no,-999,1.5,30.05,22.45,8,terrestrial,-999,1,1,0,1,1,1,0,0,1,1,1,1,1,1,0,1,0,1,0,0,0,1,1,1,1,0,1,0,1,1,1,1,1,109; 254; 376; 100; 168
Charadriiformes,Charadriidae,Charadrius,Charadrius dubius,"Scopoli, 1786",Little Ringed Plover,36,1,yes,no,no,no,no,no,no,3,-999,1,yes,24.5,4,-999,-999,7.7,-999,156,0,0,0,0,0,0,0,0,0,0,0,0,0,0,0,0,0,0,0,0,0,0,0,0,0,0,0,0,0,0,0,0,0,4; 376; 22; 255; 4
Charadriiformes,Charadriidae,Charadrius,Charadrius hiaticula,"Linnaeus, 1758",Common Ringed Plover ,64.05,1,yes,no,no,no,no,no,no,3,2,1,yes,24,4,35.8,25.9,10.9,terrestrial,249.6,1,1,0,1,1,0,0,0,1,1,1,1,1,1,0,1,0,1,0,0,0,1,1,1,1,0,1,0,1,1,1,1,1,109; 254; 376; 371; 116; 168; 219; 4
Charadriiformes,Charadriidae,Charadrius,Charadrius marginatus,"Vieillot, 1818",White-fronted Plover ,48.3,1,yes,no,no,no,no,no,no,3,3,1,no,29.5,2.5,31.35,22.6,8.95,terrestrial,228,1,1,1,1,1,1,1,1,1,0,1,0,1,1,1,0,0,1,1,1,1,0,0,1,1,1,1,1,1,1,1,1,1,109; 254; 376; 375; 168; 255
Charadriiformes,Charadriidae,Charadrius,Charadrius pecuarius,"Temminck, 1823",Kittlitz's Plover ,34,1,yes,no,no,no,no,no,no,3,2,1,no,25.5,2,31.45,22,7.75,terrestrial,-999,1,1,1,1,1,1,1,1,1,1,1,1,1,1,1,1,1,1,1,1,0,1,1,1,1,1,1,1,1,1,1,1,1,109; 254; 376; 374; 168
Charadriiformes,Charadriidae,Charadrius,Charadrius thoracicus,"(Richmond, 1896)",Madagascar Plover ,11.5,1,yes,no,no,no,no,no,no,3,3,1,no,27,1.5,32.6,23.7,-999,terrestrial,-999,1,1,0,1,0,0,0,0,0,1,1,1,0,0,0,1,0,0,0,0,0,1,1,0,0,0,0,0,0,0,1,0,1,109; 254; 376; 370; 398; 168
Charadriiformes,Charadriidae ,Charadrius,Charadrius leschenaultii,"Lesson, 1826",Greater Sand Plover ,74.8,2,yes,yes,no,no,no,no,no,3,3,1,yes,24,3,38.6,27.7,19.6,terrestrial,-999,1,1,0,1,1,0,0,0,1,1,1,1,1,1,0,1,0,1,0,0,0,1,1,1,1,0,1,0,1,1,1,1,1,109; 254; 376; 372; 116; 168; 255
Charadriiformes,Charadriidae ,Pluvialis,Pluvialis squatarola,"(Linnaeus, 1758)",Grey Plover ,250,3,yes,no,no,no,yes,yes,no,2,2,1,yes,26.75,4,51.7,36,34.2,terrestrial,307.2,1,1,0,1,1,0,1,0,0,1,1,1,0,0,1,1,1,1,1,1,0,1,1,1,1,1,0,1,1,1,1,0,1,109; 376; 22; 373; 168; 4; 219
Charadriiformes,Glareolidae,Glareola,Glareola ocularis,"Verreaux, 1833",Madagascar Pratincole ,92.5,1,yes,no,no,no,no,no,no,3,2,4,yes,-999,1.5,33.9,26.05,-999,terrestrial,-999,1,1,1,1,1,1,1,1,1,1,1,1,1,1,1,1,1,1,1,1,1,1,1,1,1,1,1,1,1,1,1,1,1,109; 254; 376; 227; 168
Charadriiformes,Jacanidae,Actophilornis,Actophilornis albinucha,"(Geoffroy Saint-Hilaire, 1832)",Madagascar Jacana ,239,2,yes,no,no,no,yes,no,no,2,3,1,no,-999,1,36.5,25.3,12.7,aquatic,-999,1,1,1,1,1,0,0,0,1,0,0,1,0,1,1,1,0,1,0,0,0,1,1,1,1,0,0,0,1,0,1,1,1,109; 254; 376; 189; 168; 255
Charadriiformes,Laridae,Chlidonias,Chlidonias hybrida,"(Pallas, 1811)",Whiskered Tern,84,2,yes,yes,no,no,no,no,no,3,3,1,yes,19,2.5,3.87,-999,16,aquatic,-999,1,1,0,1,1,1,0,1,1,0,0,1,0,0,0,1,0,0,0,0,1,1,1,0,0,0,0,1,0,0,1,1,1,143; 254; 376; 143; 22; 255
Charadriiformes,Laridae,Chlidonias,Chlidonias leucopterus,"(Temminck, 1815)",White-winged Tern,66,2,yes,yes,no,no,no,no,no,3,3,1,yes,20,2.8,-999,-999,10.5,aquatic,-999,1,1,0,1,1,0,0,0,0,0,0,1,0,0,0,1,0,0,0,0,0,1,1,0,0,0,0,0,0,0,1,0,1,139; 254; 376; 139; 22; 219
Charadriiformes,Laridae,Hydroprogne,Hydroprogne caspia,"(Pallas, 1770)",Caspian Tern ,678,2,no,yes,no,no,no,no,yes,2,3,1,yes,24,2.25,-999,-999,65,terrestrial,360,1,1,0,1,1,0,0,0,1,1,1,1,1,1,1,1,0,1,0,0,0,1,1,1,1,0,1,0,1,1,1,1,1,136; 254; 136; 376; 22; 4; 219
Charadriiformes,Laridae,Larus,Larus cirrocephalus,"Vieillot, 1818",Grey-headed Gull ,381,3,yes,yes,no,no,no,no,yes,2,3,1,yes,-999,3,-999,-999,-999,terrestrial,-999,1,1,1,1,1,1,1,1,1,0,1,1,1,1,1,1,1,1,1,1,1,1,1,1,1,1,1,1,1,1,1,1,1,109; 254; 376; 33; 22
Charadriiformes,Laridae,Onychoprion,Onychoprion anaethetus,"(Scopoli, 1786)",Bridled Tern ,131,2,yes,yes,no,no,no,no,no,3,2,1,yes,30,1,-999,-999,20,terrestrial,214.8,1,1,0,1,1,0,1,0,0,1,1,1,1,0,1,1,1,0,1,1,0,1,1,0,1,1,0,1,0,1,1,0,1,140; 254; 376; 140; 22; 255; 219; 4
Charadriiformes,Laridae,Onychoprion,Onychoprion fuscatus,"(Linnaeus, 1766)",Sooty Tern ,173,3,yes,yes,no,no,no,no,yes,2,2,1,yes,28.75,1,-999,-999,40.2,terrestrial,429.6,1,1,0,1,1,0,0,0,1,1,1,1,0,1,0,0,0,1,0,0,0,0,0,1,0,0,0,0,1,0,0,1,1,145; 254; 376; 145; 22; 4; 219
Charadriiformes,Laridae,Sterna,Sterna dougallii,"Montagu, 1813",Roseate Tern ,107.5,2,yes,yes,no,no,no,no,no,3,3,1,yes,23.5,2,-999,-999,20.4,terrestrial,308.4,1,1,0,1,1,1,1,1,1,1,1,1,1,1,1,1,1,1,1,1,1,1,1,1,1,1,1,1,1,1,1,1,1,137; 254; 376; 137; 22; 4; 219
Charadriiformes,Laridae,Sterna,Sterna hirundo,"Linnaeus, 1758",Common Tern ,121.5,3,yes,yes,no,no,no,no,yes,2,3,1,yes,24.5,2.75,-999,-999,21,terrestrial,396,1,1,0,1,1,0,0,0,1,1,1,1,1,1,0,1,0,1,0,0,0,1,1,1,1,0,1,0,1,1,1,1,1,138; 254; 376; 138; 168; 4; 219
Charadriiformes,Laridae,Sternula,Sternula saundersi,"(Hume, 1877)",Saunders's Tern ,42.5,2,yes,yes,no,no,no,no,no,3,3,1,yes,21.25,2,-999,-999,10,terrestrial,287,1,0,0,1,1,0,0,0,1,1,1,1,1,1,0,1,0,1,0,0,0,1,1,1,1,0,1,0,1,1,1,1,1,142; 376; 22; 254; 142; 168; 255
Charadriiformes,Laridae,Thalasseus,Thalasseus bengalensis,"(Lesson, 1831)",Lesser Crested Tern ,213.5,2,yes,yes,no,no,no,no,no,3,3,1,yes,23.5,1,-999,-999,37.1,terrestrial,-999,1,1,0,1,1,0,0,0,0,1,1,1,1,1,0,0,0,0,0,0,0,0,1,0,0,0,1,0,0,1,0,1,1,141; 254; 376; 141; 22; 255
Charadriiformes,Laridae,Thalasseus,Thalasseus bergii,"(Lichtenstein, 1823)",Greater Crested Tern ,370,3,yes,yes,no,no,no,no,yes,2,3,1,yes,27.5,1,-999,-999,60,terrestrial,244.08,1,1,0,1,1,0,0,0,1,1,1,1,1,1,0,1,0,1,0,0,0,1,1,1,1,0,1,0,1,1,1,1,1,144; 254; 376; 144; 22; 255
Charadriiformes,Laridae ,Larus,Larus dominicanus,"Lichtenstein, 1823",Kelp Gull ,957,3,yes,yes,no,no,no,no,yes,2,3,1,no,27,2,7.15,4.88,84.2,terrestrial,157,0,1,0,1,0,1,1,1,1,1,1,1,1,1,1,1,1,1,1,1,1,1,1,1,1,1,1,1,1,1,1,1,1,109; 254; 376; 32; 168; 219; 255
Charadriiformes,Recurvirostridae,Himantopus,Himantopus himantopus,"(Linnaeus, 1758)",Black-winged Stilt ,161,3,yes,yes,no,no,yes,no,no,2,3,1,yes,25.5,4.5,41.5,30.5,21.8,terrestrial,122.4,1,1,0,1,1,0,0,0,1,1,1,1,1,1,0,1,0,1,0,0,0,1,1,1,1,0,1,0,1,1,1,1,1,109; 254; 376; 298; 22; 219; 4
Charadriiformes,Rostratulidae,Rostratula,Rostratula benghalensis,"(Linnaeus, 1758)",Greater Painted-snipe ,121,2,yes,no,no,no,yes,no,no,2,2,1,no,18,3.5,35.6,25,13,terrestrial,-999,1,1,1,1,1,1,1,1,1,1,1,1,1,1,1,0,1,1,1,1,1,0,1,1,1,1,1,1,1,1,1,1,1,109; 254; 376; 206; 168
Charadriiformes,Scolopacidae,Actitis,Actitis hypoleucos,"Linnaeus, 1758",Common Sandpiper ,48,3,yes,yes,no,no,no,yes,no,2,2,1,yes,21.5,4,36.4,26.3,12.5,terrestrial,174,1,1,1,1,1,1,1,0,1,1,1,1,1,1,1,1,1,1,1,1,0,1,1,1,1,1,1,1,1,1,1,1,1,109; 254; 376; 356; 168; 255; 4
Charadriiformes,Scolopacidae,Arenaria,Arenaria interpres,"(Linnaeus, 1758)",Ruddy Turnstone ,136,3,yes,yes,no,no,no,yes,no,2,3,1,yes,23.25,3.5,39.7,28.9,17.9,terrestrial,267.6,1,1,1,1,1,1,0,0,1,1,1,1,1,1,1,1,0,1,1,1,0,1,1,1,1,0,1,0,1,1,1,1,1,109; 254; 376; 358; 103; 168; 4; 219
Charadriiformes,Scolopacidae,Calidris,Calidris alba,"(Pallas, 1764)",Sanderling ,49.3,5,yes,yes,no,no,yes,yes,yes,2,3,1,yes,27.5,3,-999,-999,11.2,terrestrial,223.2,1,1,1,1,1,1,0,0,1,1,1,1,1,1,1,1,0,1,1,1,0,1,1,1,1,0,1,0,1,1,1,1,1,109; 104; 376; 354; 254; 116; 168; 4
Charadriiformes,Scolopacidae,Calidris,Calidris ferruginea,(Pontoppidan 1763),Curlew Sandpiper ,58.1,2,yes,no,no,no,yes,no,no,2,3,1,yes,19.5,3.8,-999,-999,12,terrestrial,236.4,1,1,1,1,1,1,1,1,1,1,1,1,1,1,1,1,1,1,1,1,1,1,1,1,1,1,1,1,1,1,1,1,1,109; 254; 376; 362; 168; 219; 4
Charadriiformes,Scolopacidae,Calidris,Calidris minuta,"(Leisler, 1812)",Little Stint ,21.1,2,yes,no,no,no,no,yes,no,2,3,1,yes,20.5,4,-999,-999,6.3,terrestrial,176.4,1,1,0,1,1,0,0,0,0,0,0,1,0,0,0,0,0,0,0,0,0,1,1,0,0,0,0,0,0,0,1,0,1,109; 254; 376; 353; 116; 219; 4
Charadriiformes,Scolopacidae,Gallinago,Gallinago macrodactyla,"Bonaparte, 1839",Madagascar Snipe ,216,3,yes,no,no,no,yes,yes,no,2,3,1,no,-999,1.5,45.5,31.9,24.3,terrestrial,-999,1,1,1,1,1,1,1,1,1,0,1,0,1,1,1,0,1,1,1,1,1,0,0,1,1,1,1,1,1,1,1,1,1,109; 254; 376; 357; 168; 255
Charadriiformes,Scolopacidae,Numenius,Numenius arquata,"(Linnaeus, 1758)",Eurasian Curlew ,805.5,4,yes,yes,yes,no,yes,no,no,2,3,1,yes,28,3.5,67.6,47.9,76,terrestrial,381.6,1,1,1,1,1,1,1,1,1,0,1,0,1,1,1,0,0,0,1,1,0,0,0,1,1,1,1,1,1,1,1,1,1,109; 376; 363; 22; 168; 219; 254; 4
Charadriiformes,Scolopacidae,Tringa,Tringa glareola,"Linnaeus, 1758",Wood sandpiper,69.4,2,yes,yes,no,no,no,no,no,3,3,1,yes,22.5,4,38.3,26.4,13.5,terrestrial,139.2,0,1,0,1,1,1,1,1,1,1,1,1,1,1,1,1,1,1,1,1,1,1,1,1,1,1,1,1,1,1,1,1,1,110; 254; 376; 361; 168; 219; 4
Charadriiformes,Scolopacidae,Tringa,Tringa nebularia,"(Gunnerus, 1767)",Common Greenshank ,162,2,yes,yes,no,no,no,no,no,3,3,1,yes,24,4,51.4,34.8,30.5,terrestrial,292.8,1,1,1,1,1,0,0,0,0,1,1,1,0,0,0,0,0,0,0,1,0,0,1,0,0,0,0,0,0,1,0,0,1,310; 376; 355; 168; 219; 4
Charadriiformes,Scolopacidae,Tringa,Tringa stagnatilis,"(Bechstein, 1803)",Marsh Sandpiper,72.1,3,yes,yes,no,no,no,yes,no,2,2,1,yes,-999,4,-999,-999,14,-999,85.2,0,0,0,0,0,0,0,0,0,0,0,0,0,0,0,0,0,0,0,0,0,0,0,0,0,0,0,0,0,0,0,0,0,110; 376; 22; 22; 255; 4
Charadriiformes,Scolopacidae,Xenus,Xenus cinereus,"(Güldenstädt, 1775)",Terek Sandpiper ,88,2,yes,no,no,no,yes,no,no,2,3,1,yes,23.5,4,38.6,26.6,13.5,terrestrial,192,1,1,0,1,1,0,0,0,0,1,1,1,0,0,0,0,0,0,0,0,0,0,1,0,0,0,0,0,0,0,0,0,1,359; 359; 376; 168; 255; 4
Charadriiformes,Scolopacidae ,Limosa,Limosa lapponica,"(Linnaeus, 1758)",Bar-tailed Godwit ,291,3,yes,no,yes,no,yes,no,no,2,3,1,yes,20.75,3.75,-999,-999,37,-999,408,1,1,1,1,1,1,1,1,1,1,1,1,1,1,1,1,1,1,1,1,1,1,1,1,1,1,1,1,1,1,1,1,1,109; 254; 376; 364; 168; 4; 219
Charadriiformes,Scolopacidae ,Numenius,Numenius phaeopus,"(Linnaeus, 1758)",Whimbrel ,379.5,5,yes,yes,yes,no,yes,yes,no,2,3,1,yes,23.5,4,60.3,42.05,55.5,terrestrial,290.4,1,1,1,1,1,1,0,0,1,1,1,1,1,1,1,1,0,1,1,1,0,1,1,1,1,0,1,0,1,1,1,1,1,109; 376; 22; 360; 168; 4; 254
Charadriiformes,Turnicidae,Turnix,Turnix nigricollis,"(Gmelin, 1789)",Madagascar Buttonquail ,61.3,2,yes,no,no,no,yes,no,no,2,3,1,no,14.5,4,25.25,19,-999,terrestrial,-999,1,1,1,1,1,1,1,1,1,1,1,1,1,1,1,1,0,1,1,1,1,0,1,1,1,1,1,1,1,1,1,1,1,310; 168; 376; 254; 89
Ciconiiformes,Ciconiidae,Anastomus,Anastomus lamelligerus,"Temminck, 1823",African Openbill ,1081,2,yes,yes,no,no,no,no,no,3,3,1,yes,27.5,3.5,-999,-999,50,arboreal,-999,1,1,0,1,1,1,0,1,0,0,0,1,0,0,1,1,1,0,0,0,0,1,1,0,1,0,0,1,0,0,1,1,1,109; 254; 376; 113; 116; 255
Ciconiiformes,Ciconiidae,Mycteria,Mycteria ibis,"(Linnaeus, 1766)",Yellow-billed Stork ,2166.5,2,yes,yes,no,no,no,no,no,3,3,1,yes,30,2.5,-999,-999,77,arboreal,229.2,1,1,0,1,1,1,1,1,1,1,1,1,1,1,1,1,1,1,1,1,1,1,1,1,1,1,1,1,1,1,1,1,1,109; 254; 376; 115; 22; 255; 4
Columbiformes,Columbidae,Alectroenas,Alectroenas madagascariensis,"(Linnaeus, 1766)",Madagascar Blue-pigeon ,173,1,no,no,yes,no,no,no,no,1,3,3,no,-999,1,-999,-999,-999,arboreal,-999,1,1,1,1,1,1,1,1,1,1,1,1,1,1,1,0,1,1,1,1,1,1,1,1,1,1,1,1,1,1,1,1,1,109; 254; 168; 376; 368; 14
Columbiformes,Columbidae,Nesoenas,Nesoenas picturatus,"Temminck, 1813",Madagascar Turtle-dove ,167,3,yes,no,yes,no,yes,no,no,2,3,1,no,-999,2,-999,-999,-999,arboreal,-999,1,1,1,1,1,1,1,1,1,1,1,1,1,1,1,1,1,1,1,1,1,1,1,1,1,1,1,1,1,1,1,1,1,15; 15; 376; 22
Columbiformes,Columbidae,Oena,Oena capensis,"(Linnaeus, 1766)",Namaqua Dove ,40.6,2,yes,no,no,no,yes,no,no,2,3,1,yes,14.5,2,-999,-999,2.7,arboreal,-999,1,1,0,1,1,0,0,0,1,1,1,1,1,1,0,1,0,1,0,0,0,1,1,1,1,0,1,0,1,1,1,1,1,109; 254; 376; 16; 22; 219
Columbiformes,Columbidae,Treron,Treron australis,"(Linnaeus, 1771)",Madagascar Green-pigeon ,235.5,1,no,no,yes,no,no,no,no,1,3,3,no,13.5,2,35,25.65,14.7,arboreal,-999,1,1,1,1,1,0,0,0,0,1,0,1,0,0,0,1,0,1,0,0,0,1,1,1,1,0,0,0,1,0,1,0,1,310; 168; 376; 254; 368; 17; 255
Coraciiformes,Alcedinidae,Corythornis,Corythornis madagascariensis,"(Linnaeus, 1766)",Madagascar Pygmy-kingfisher ,19.5,2,yes,yes,no,no,no,no,no,3,3,1,no,-999,4,-999,-999,-999,terrestrial,-999,1,1,1,1,1,1,1,1,1,1,1,1,1,1,1,1,1,1,1,1,0,1,1,1,1,1,1,1,1,1,1,1,1,380; 254; 376; 380; 22
Coraciiformes,Alcedinidae,Corythornis,Corythornis vintsioides,"(Eydoux & Gervais, 1836)",Madagascar Kingfisher ,17.9,2,yes,yes,no,no,no,no,no,3,3,1,no,-999,4.5,-999,-999,2.45,terrestrial,-999,1,1,1,1,1,1,1,1,1,1,1,1,1,1,1,1,1,1,1,1,1,1,1,1,1,1,1,1,1,1,1,1,1,109; 254; 376; 378; 168; 255
Coraciiformes,Brachypteraciidae,Atelornis,Atelornis crossleyi,"Sharpe, 1875",Rufous-headed Ground-roller ,79,1,yes,no,no,no,no,no,no,3,3,1,no,-999,2,-999,-999,-999,terrestrial,-999,1,1,1,0,1,1,1,1,1,0,1,0,1,1,0,0,0,1,1,1,0,0,0,1,1,1,1,1,1,1,1,1,1,109; 254; 168; 376; 214
Coraciiformes,Brachypteraciidae,Atelornis,Atelornis pittoides,"(Lafresnaye, 1834)",Pitta-like Ground-roller ,91.5,2,yes,yes,no,no,no,no,no,3,3,1,no,-999,3,34.9,28.1,-999,terrestrial,-999,1,1,1,1,1,1,1,1,1,1,1,1,1,1,1,0,1,1,1,1,1,1,1,1,1,1,1,1,1,1,1,1,1,109; 168; 376; 22; 254; 213
Coraciiformes,Brachypteraciidae,Brachypteracias,Brachypteracias leptosomus,"(Lesson, 1833)",Short-legged Ground-roller ,185,2,yes,yes,no,no,no,no,no,3,3,1,no,24,1.5,-999,-999,-999,arboreal,-999,1,1,1,1,1,1,1,1,1,0,1,0,1,1,0,0,0,1,1,1,0,0,0,1,1,1,1,1,1,1,1,1,1,109; 168; 376; 22; 254; 216
Coraciiformes,Brachypteraciidae,Geobiastes,Geobiastes squamiger,"(Lafresnaye, 1838)",Scaly Ground-roller ,155,2,yes,yes,no,no,no,no,no,3,3,3,no,18,1,55,30,-999,terrestrial,-999,0,1,0,1,1,1,1,0,1,0,1,0,1,1,0,0,0,0,1,1,0,0,0,1,1,0,1,0,1,1,1,1,1,109; 254; 376; 215; 22
Coraciiformes,Brachypteraciidae ,Uratelornis,Uratelornis chimaera,"Rothschild, 1895",Long-tailed Ground-roller ,226,1,yes,no,no,no,no,no,no,3,3,1,no,-999,3,28,25,-999,terrestrial,-999,0,0,0,1,0,1,1,1,1,1,1,1,1,1,1,1,1,1,1,1,1,1,1,1,1,1,1,1,1,1,1,1,1,376; 168; 376; 254; 212
Coraciiformes,Coraciidae,Eurystomus,Eurystomus glaucurus,"(Müller, 1776)",Broad-billed Roller/Cinnamon Roller,110,4,yes,yes,yes,no,yes,no,no,2,3,4,yes,-999,2.5,-999,-999,15,arboreal,-999,1,1,1,1,1,1,1,1,1,1,1,1,1,1,1,1,1,1,1,1,1,1,1,1,1,1,1,1,1,1,1,1,1,109; 254; 376; 132; 368; 168; 219
Coraciiformes,Meropidae ,Merops,Merops superciliosus,"Linnaeus, 1766",Olive Bee-eater ,38.5,1,yes,no,no,no,no,no,no,3,3,4,yes,21,5,-999,-999,6.2,terrestrial,-999,1,1,1,1,1,1,1,1,1,0,1,0,1,1,0,0,0,1,1,1,0,1,0,1,1,1,1,1,1,1,1,1,1,109; 254; 376; 131; 116; 255; 219
Cuculiformes,Cuculidae,Centropus,Centropus toulou,"(Müller, 1776)",Madagascar Coucal ,170,2,yes,yes,no,no,no,no,no,3,3,1,no,15,2.5,33,26,10.2,terrestrial,-999,1,1,1,1,1,1,1,1,1,1,1,1,1,1,1,1,1,1,1,1,1,1,1,1,1,1,1,1,1,1,1,1,1,109; 254; 376; 286; 168; 255
Cuculiformes,Cuculidae,Coua,Coua caerulea,"(Linnaeus, 1766)",Blue Coua ,244,5,yes,yes,yes,yes,no,yes,no,2,3,3,no,13,1,37.1,28.5,-999,arboreal,-999,1,1,1,1,1,1,1,1,1,1,1,1,1,1,1,1,1,1,1,1,1,1,1,1,1,1,1,1,1,1,1,1,1,109; 254; 168; 376; 279; 368
Cuculiformes,Cuculidae,Coua,Coua cristata,"(Linnaeus, 1766)",Crested Coua ,147,5,yes,yes,yes,yes,yes,no,no,2,3,3,no,14,2,34.25,27,11.35,arboreal,-999,1,1,1,1,1,1,1,1,1,1,1,1,1,1,1,1,1,1,1,1,0,1,1,1,1,1,1,1,1,1,1,1,1,109; 168; 376; 280; 254; 351
Cuculiformes,Cuculidae,Coua,Coua cursor,"Grandidier, 1867",Running Coua ,110,1,yes,no,no,no,no,no,no,3,3,1,no,-999,2,34,23,-999,arboreal,-999,0,1,0,1,1,0,0,0,0,1,1,1,0,0,0,0,0,0,0,0,0,0,1,0,0,0,0,0,0,0,0,0,1,109; 168; 376; 254; 290
Cuculiformes,Cuculidae,Coua,Coua gigas,"(Boddaert, 1783)",Giant Coua ,424,2,yes,no,no,no,yes,no,no,2,3,1,no,-999,3,43.5,32,-999,arboreal,-999,1,1,0,1,1,0,0,0,0,1,1,1,0,0,1,1,0,0,0,1,0,1,1,0,0,0,0,0,0,1,1,0,1,109; 254; 377; 376; 168; 64; 285
Cuculiformes,Cuculidae,Coua,Coua olivaceiceps,"(Sharpe, 1873)",Olive-caped coua,182,2,yes,no,yes,no,no,no,no,2,-999,-999,no,-999,-999,-999,-999,-999,-999,-999,1,1,0,1,1,0,0,0,0,1,1,1,0,0,0,0,0,0,0,0,0,0,1,0,0,0,0,0,0,0,0,0,1,98; 98; 22
Cuculiformes,Cuculidae,Coua,Coua pyropyga,"Grandidier, 1867",Chestnut-vented Coua,149.5,1,yes,no,no,no,no,no,no,3,-999,-999,no,-999,-999,-999,-999,-999,-999,-999,1,1,0,1,1,0,1,0,0,1,1,1,0,0,0,0,0,0,1,1,0,0,1,0,0,0,0,0,0,1,0,0,1,94; 94; 22
Cuculiformes,Cuculidae,Coua,Coua reynaudii,"Pucheran, 1845",Red-fronted Coua ,153,4,yes,yes,yes,no,yes,no,no,2,3,1,no,-999,2,36,28,-999,arboreal,-999,1,1,1,1,1,1,1,1,1,1,1,1,1,1,1,0,1,1,1,1,1,1,1,1,1,1,1,1,1,1,1,1,1,109; 254; 168; 376; 289
Cuculiformes,Cuculidae,Coua,Coua ruficeps,"G. R. Gray, 1846",Red-capped Coua ,180,3,yes,no,yes,yes,no,no,no,2,3,1,no,-999,2,29.4,27.5,-999,arboreal,-999,1,1,0,1,1,0,1,0,0,1,1,1,0,0,1,1,1,0,0,0,0,1,1,0,1,1,0,1,0,1,1,0,1,109; 254; 377; 376; 168; 351; 282
Cuculiformes,Cuculidae,Coua,Coua serriana,"Pucheran, 1845",Red-breasted Coua ,293,3,yes,no,yes,no,yes,no,no,2,3,1,no,-999,2,-999,-999,-999,arboreal,-999,1,1,1,0,1,1,0,1,1,0,0,0,0,1,1,0,0,1,0,0,0,0,0,1,1,0,0,1,1,0,1,1,0,109; 254; 168; 376; 288
Cuculiformes,Cuculidae,Coua,Coua verreauxi,"Grandidier, 1867",Verreaux's Coua ,99,3,yes,yes,yes,no,no,no,no,2,3,3,no,-999,-999,-999,-999,-999,arboreal,-999,0,1,0,1,1,0,0,0,0,1,1,1,0,0,0,0,0,0,0,0,0,0,0,0,0,0,0,0,0,0,0,0,1,283; 254; 168; 283; 376
Cuculiformes,Cuculidae,Cuculus,Cuculus rochii,"Hartlaub, 1863",Madagascar Cuckoo ,62.7,1,yes,no,no,no,no,no,no,3,3,3,yes,-999,-999,18,13.5,2.43,parasitic,-999,1,1,1,1,1,1,1,1,1,1,1,1,1,1,1,1,1,1,1,1,1,1,1,1,1,1,1,1,1,1,1,1,1,109; 254; 168; 376; 368; 281; 255
Cuculiformes,Cuculidae,Pachycoccyx,Pachycoccyx audeberti,"(Schlegel, 1879)",Thick-billed Cuckoo ,103.5,1,yes,no,no,no,no,no,no,3,3,1,no,13,1.1,24,17,2.2,parasitic,-999,0,1,0,0,0,1,1,1,1,0,1,0,1,1,1,0,0,1,1,1,0,0,0,1,1,1,1,1,1,1,1,1,1,109; 376; 291; 22; 219
Cuculiformes,Cuculidae ,Coua,Coua coquereli,"Grandidier, 1867",Coquerel's Coua ,160,2,yes,no,yes,no,no,no,no,2,3,1,no,-999,2,33.5,223,-999,arboreal,-999,1,1,1,1,1,0,0,0,0,0,0,1,0,0,1,1,0,1,0,1,0,1,1,1,1,0,0,0,1,1,1,0,1,109; 254; 168; 376; 284
Falconiformes,Falconidae,Falco,Falco concolor,"Temminck, 1825",Sooty Falcon ,250,2,yes,yes,no,no,no,no,no,3,2,4,yes,28,2.5,40.2,31.2,22,terrestrial,-999,1,1,1,1,1,1,1,1,1,1,1,1,1,1,1,1,1,1,1,1,1,1,1,1,1,1,1,1,1,1,1,1,1,109; 254; 376; 269; 168; 255
Falconiformes,Falconidae,Falco,Falco eleonorae,"Géné, 1839",Eleonora's Falcon ,390,2,yes,yes,no,no,no,no,no,3,2,4,yes,30.5,2.5,42.2,33.1,26,terrestrial,134.4,1,1,1,1,1,1,1,1,1,1,1,1,1,1,1,1,1,1,1,1,1,1,1,1,1,1,1,1,1,1,1,1,1,109; 254; 376; 271; 368; 168; 219; 4
Falconiformes,Falconidae,Falco,Falco newtoni,"(Gurney, 1863)",Madagascar Kestrel ,125,2,yes,yes,no,no,no,no,no,3,2,1,no,28,4.5,36.2,28.95,14.3,arboreal,-999,1,1,1,1,1,1,1,1,1,1,1,1,1,1,1,1,1,1,1,1,1,1,1,1,1,1,1,1,1,1,1,1,1,109; 254; 376; 197; 168
Falconiformes,Falconidae,Falco,Falco peregrinus,"Tunstall, 1771",Peregrine Falcon ,697.5,2,yes,yes,no,no,no,no,no,3,2,1,yes,30.25,3.06,-999,-999,48,none,300,1,1,1,1,1,1,1,1,1,1,1,1,1,1,1,1,1,1,1,1,1,1,1,1,1,1,1,1,1,1,1,1,1,109; 254; 376; 369; 116; 22; 4; 219
Falconiformes,Falconidae,Falco,Falco zoniventris,"Peters, 1854",Banded Kestrel ,174,2,yes,yes,no,no,no,no,no,3,3,4,no,29,2,40.55,32.4,25.25,arboreal,-999,1,1,1,1,1,1,1,1,1,1,1,1,1,1,1,1,1,1,1,1,1,1,1,1,1,1,1,1,1,1,1,1,1,109; 168; 254; 376; 194
Galliformes,Phasianidae,Coturnix,Coturnix coturnix,"(Linnaeus, 1758)",Common Quail ,96.5,3,yes,no,no,yes,yes,no,no,2,3,1,yes,18.5,10.5,30.4,23,8.2,terrestrial,175.2,1,1,1,1,1,1,1,1,0,0,0,1,0,0,1,1,1,0,1,1,1,0,1,0,0,1,0,1,0,1,1,1,1,109; 254; 376; 247; 116; 219; 4
Galliformes,Phasianidae,Coturnix,Coturnix delegorguei,"Delegorgue, 1847",Harlequin Quail ,76,3,yes,no,no,no,yes,yes,no,2,3,1,yes,16,6,29.15,22.6,7.5,terrestrial,-999,1,0,1,1,1,0,0,0,0,0,0,1,0,0,1,1,0,1,0,0,0,1,1,0,1,0,0,0,1,0,1,0,1,109; 254; 376; 245; 276; 219
Galliformes,Phasianidae,Margaroperdix,Margaroperdix madagarensis,"(Scopoli, 1786)",Madagascar Partridge ,245,4,yes,no,yes,no,yes,yes,no,2,3,1,no,18.5,17.5,38.5,28.9,-999,terrestrial,-999,1,1,1,1,1,0,0,1,1,0,0,1,0,0,0,1,0,0,0,0,0,1,1,1,0,0,1,1,1,1,1,1,1,109; 254; 376; 246; 368; 168
Gruiformes,Rallidae,Fulica,Fulica cristata,"Gmelin, 1789",Red-knobbed Coot ,826,6,yes,no,yes,yes,yes,yes,yes,2,3,1,no,21.5,7,-999,-999,41,aquatic,68,1,1,0,1,1,1,0,1,1,1,1,1,0,0,0,1,0,0,0,0,1,1,0,0,0,0,0,1,0,0,1,1,1,109; 254; 376; 343; 168; 219; 255
Gruiformes,Rallidae,Gallinula,Gallinula chloropus,"(Linnaeus, 1758)",Common Moorhen ,305,6,yes,yes,yes,no,yes,yes,yes,2,3,1,yes,19.25,9.25,-999,-999,22.3,aquatic,223.2,1,1,1,1,1,1,1,1,1,1,1,1,1,1,1,1,1,1,1,1,1,1,1,1,1,1,1,1,1,1,1,1,1,109; 254; 376; 345; 22; 4; 219
Gruiformes,Rallidae,Mentocrex,Mentocrex beankaensis,"(Goodman, 2011)",Tsingy Wood-rail,180,-999,-999,-999,-999,-999,-999,-999,-999,-999,-999,-999,no,-999,-999,-999,-999,-999,-999,-999,1,0,0,0,0,0,0,0,0,0,0,0,0,0,0,0,0,0,0,0,0,1,1,0,0,0,0,0,0,0,1,0,1,110; 22
Gruiformes,Rallidae,Mentocrex,Mentocrex kioloides,"(Pucheran, 1845)",Madagascar Wood Rail ,246,3,yes,yes,no,no,yes,no,no,2,3,1,no,-999,2,-999,-999,-999,arboreal,-999,1,1,1,1,1,1,1,1,1,1,1,1,1,1,1,1,1,1,1,1,1,1,1,1,1,1,1,1,1,1,1,1,1,109; 254; 168; 376; 368; 341
Gruiformes,Rallidae,Porphyrio,Porphyrio porphyrio,"(Linnaeus, 1758)",Purple Swamphen ,796.5,5,yes,yes,no,yes,yes,yes,no,2,2,1,no,25,4,52.2,40.7,41.5,aquatic,264,1,1,1,1,1,1,1,1,1,0,1,1,1,1,1,1,1,1,1,1,0,1,1,1,1,1,1,1,1,1,1,1,1,109; 254; 376; 342; 168; 219; 255
Gruiformes,Rallidae,Rallus,Rallus madagascariensis,"Verreaux, 1833",Madagascar Rail ,114,1,yes,no,no,no,no,no,no,3,3,1,no,-999,-999,-999,-999,-999,terrestrial,-999,1,1,1,1,1,0,1,0,0,1,1,1,0,0,1,1,1,0,1,1,0,1,1,0,1,1,0,1,0,1,1,0,1,109; 254; 376; 335; 168
Gruiformes,Rallidae,Sarothrura,Sarothrura insularis,"(Sharpe, 1870)",Madagascar Flufftail ,26.8,2,yes,no,no,no,yes,no,no,2,3,1,no,-999,3.5,27.1,21,-999,terrestrial,-999,1,1,1,1,1,1,1,1,1,1,1,1,1,1,1,1,1,1,1,1,1,1,1,1,1,1,1,1,1,1,1,1,1,109; 254; 168; 376; 368; 338
Gruiformes,Rallidae,Sarothrura,Sarothrura watersi,"(Bartlett, 1879)",Slender-billed Flufftail ,26.5,3,yes,no,no,no,yes,yes,no,2,-999,1,no,-999,-999,-999,-999,-999,-999,-999,0,1,0,0,1,1,1,1,1,1,1,1,1,1,1,0,1,1,1,1,1,0,0,1,1,1,1,1,1,1,1,1,1,109; 376; 116; 168; 339
Gruiformes,Rallidae,Zapornia,Zapornia olivieri,"(Grandidier & Berlioz, 1929)",Sakalava Rail ,157.35,4,yes,yes,no,no,yes,yes,no,2,3,1,no,-999,2.5,34.3,27.9,-999,terrestrial,-999,1,0,0,1,0,1,0,0,1,1,1,1,1,1,0,1,0,1,0,0,0,1,1,1,1,0,1,0,1,1,1,1,1,376; 376; 336; 254; 168
Gruiformes,Rallidae,Zapornia,Zapornia pusilla,"(Pallas, 1776)",Baillon's Crake ,35.4,4,yes,yes,no,no,yes,yes,no,2,2,1,yes,18,7.4,-999,-999,6.3,terrestrial,-999,1,1,1,1,1,0,0,0,0,0,0,1,0,0,0,1,0,0,0,0,0,1,1,0,0,0,0,0,0,0,1,0,1,109; 254; 376; 346; 22; 219
Gruiformes,Rallidae ,Dryolimnas,Dryolimnas cuvieri,"(Pucheran, 1845)",White-throated Rail ,182.5,2,yes,yes,no,no,no,no,no,3,3,1,no,-999,4.5,-999,-999,21.5,terrestrial,-999,1,1,1,1,1,1,1,1,1,1,1,1,1,1,1,1,1,1,1,1,1,1,1,1,1,1,1,1,1,1,1,1,1,109; 254; 376; 344; 368; 168; 255
Gruiformes,Rallidae ,Porphyrio,Porphyrio alleni,"Thomson, 1842",Allen's Gallinule ,139.5,5,yes,yes,no,yes,yes,yes,no,2,2,1,yes,-999,4.4,-999,-999,13.5,aquatic,-999,1,1,1,1,1,1,1,1,1,1,1,1,1,1,1,1,1,1,1,1,0,1,1,1,1,1,1,1,1,1,1,1,1,109; 254; 376; 340; 22; 219
Leptosomiformes,Leptosomidae,Leptosomus,Leptosomus discolor,"(Hermann, 1783)",Cuckoo-roller ,255,2,yes,yes,no,no,no,no,no,3,2,3,no,20,4.5,45,38,-999,arboreal,-999,1,1,1,1,1,1,1,1,1,1,1,1,1,1,1,1,1,1,1,1,1,1,1,1,1,1,1,1,1,1,1,1,1,109; 254; 376; 147; 168
Mesitornithiformes,Mesitornithidae,Mesitornis,Mesitornis unicolor,"(Des Murs, 1845)",Brown Mesite ,148,2,yes,no,no,no,yes,no,no,2,3,1,yes,-999,1,-999,-999,-999,arboreal,-999,0,1,1,1,1,1,1,1,1,1,1,1,1,1,1,1,1,1,1,1,1,1,1,1,1,1,1,1,1,1,1,1,1,109; 168; 376; 22; 254; 22
Mesitornithiformes,Mesitornithidae,Mesitornis,Mesitornis variegatus,"Geoffroy Saint-Hilaire, 1838",White-breasted Mesite ,110,2,yes,no,no,no,yes,no,no,2,3,1,no,-999,1.92,-999,-999,-999,arboreal,-999,1,0,0,1,1,1,1,0,1,0,1,0,1,1,0,0,0,0,1,1,0,0,0,1,1,1,1,1,1,1,1,1,1,110; 168; 376; 22; 254; 121
Mesitornithiformes,Mesitornithidae ,Monias,Monias benschi,"Oustalet & Grandidier, 1903",Subdesert Mesite ,137,3,yes,no,yes,no,yes,no,no,2,3,1,no,24,1.5,36.9,27.6,-999,arboreal,-999,0,0,0,1,1,1,1,1,1,1,1,1,1,1,1,1,1,1,1,1,1,1,1,1,1,1,1,1,1,1,1,1,1,376; 254; 168; 376; 120
Passeriformes,Acrocephalidae,Acrocephalus,Acrocephalus newtoni,"(Hartlaub, 1863)",Madagascar Swamp-warbler ,17,2,yes,yes,no,no,no,no,no,3,2,1,no,-999,2.5,-999,-999,-999,arboreal,-999,1,1,1,1,1,1,1,1,1,1,1,1,1,1,1,1,1,1,1,1,1,1,1,1,1,1,1,1,1,1,1,1,1,109; 254; 376; 111; 368; 168
Passeriformes,Acrocephalidae,Nesillas,Nesillas lantzii,"(Grandidier, 1867)",Subdesert Brush-warbler ,17.5,1,yes,no,no,no,no,no,no,3,3,3,no,-999,2,-999,-999,-999,arboreal,-999,0,1,0,1,1,1,1,1,1,0,1,1,1,1,1,0,0,1,1,1,1,0,0,1,1,1,1,1,1,1,1,1,1,109; 168; 376; 22; 254; 294
Passeriformes,Acrocephalidae,Nesillas,Nesillas typica,"(Hartlaub, 1860)",Madagascar Brush-warbler ,18.1,1,yes,no,no,no,no,no,no,3,3,3,no,-999,2,-999,-999,-999,arboreal,-999,1,1,1,1,1,0,0,0,0,1,1,1,0,0,0,0,0,0,0,0,0,0,1,0,0,0,0,0,0,0,0,0,1,109; 368; 168; 376; 254; 293
Passeriformes,Alaudidae,Eremopterix,Eremopterix hova,"(Hartlaub, 1860)",Madagascar Lark ,18.9,2,yes,no,no,no,yes,no,no,2,3,1,no,-999,2,-999,-999,-999,terrestrial,-999,1,1,1,1,1,1,1,1,1,1,1,1,1,1,1,1,1,1,1,1,1,1,1,1,1,1,1,1,1,1,1,1,1,109; 254; 376; 325; 168
Passeriformes,Bernieridae,Bernieria,Bernieria madagascariensis,"(Gmelin, 1789)",Long-billed Tetraka,27.4,2,yes,yes,no,no,no,no,no,3,3,3,no,-999,2,-999,-999,-999,arboreal,-999,1,1,1,1,1,1,1,1,1,0,1,1,1,1,1,1,1,1,1,1,0,1,1,1,1,1,1,1,1,1,1,1,1,310; 168; 376; 125; 254
Passeriformes,Bernieridae,Crossleyia,Crossleyia tenebrosa,"(Stresemann, 1925)",Dusky Tetraka ,21.4,1,yes,no,no,no,no,no,no,3,3,1,no,-999,-999,-999,-999,-999,-999,-999,0,1,0,0,1,1,0,0,1,0,0,0,0,1,0,0,0,0,0,0,0,0,0,1,1,0,0,0,1,0,1,1,0,123; 123; 376; 168
Passeriformes,Bernieridae,Crossleyia,Crossleyia xanthophrys,"(Sharpe, 1875)",Madagascar Yellowbrow ,19.9,1,yes,no,no,no,no,no,no,3,3,1,no,-999,3,-999,-999,-999,terrestrial,-999,0,1,1,1,1,1,1,1,1,0,1,0,1,1,0,0,0,1,1,1,0,0,0,1,1,1,1,1,1,1,1,1,1,109; 254; 376; 171; 168
Passeriformes,Bernieridae,Cryptosylvicola,Cryptosylvicola randrianasoloi,"Goodman, Langrand & Whitney, 1996",Cryptic Warbler ,8.6,1,yes,no,no,no,no,no,no,3,3,3,no,-999,-999,-999,-999,-999,arboreal,-999,1,1,1,1,1,1,1,1,1,1,1,0,1,1,1,0,0,1,1,1,0,0,0,1,1,1,1,1,1,1,1,1,1,109; 168; 376; 22; 254; 170
Passeriformes,Bernieridae,Hartertula,Hartertula flavoviridis,"Hartert, 1924",Wedge-tailed Jery ,9.7,1,yes,no,no,no,no,no,no,3,3,1,no,-999,2,-999,-999,-999,arboreal,-999,1,1,1,1,1,1,1,1,1,0,1,0,1,1,1,0,0,1,1,1,0,0,0,1,1,1,1,1,1,1,1,1,1,109; 376; 22; 326; 22
Passeriformes,Bernieridae,Oxylabes,Oxylabes madagascariensis,"(Gmelin, 1789)",White-throated Oxylabes ,23.3,1,yes,no,no,no,no,no,no,3,3,3,no,-999,2,-999,-999,-999,arboreal,-999,1,1,1,1,1,1,1,1,1,1,1,1,1,1,1,1,1,1,1,1,1,1,1,1,1,1,1,1,1,1,1,1,1,109; 254; 168; 376; 176
Passeriformes,Bernieridae,Randia,Randia pseudozosterops,"Delacour & Berlioz, 1931",Rand's Warbler ,11,1,yes,no,no,no,no,no,no,3,3,3,no,-999,-999,-999,-999,-999,arboreal,-999,1,1,1,1,1,1,1,1,1,0,1,0,1,1,1,0,0,0,1,1,0,0,0,1,1,1,1,1,1,1,1,1,1,376; 254; 168; 376
Passeriformes,Bernieridae,Thamnornis,Thamnornis chloropetoides,"(Grandidier, 1867)",Thamnornis Warbler ,14.3,1,yes,no,no,no,no,no,no,3,3,3,no,-999,3,-999,-999,-999,arboreal,-999,1,1,0,1,1,1,1,1,1,1,1,1,1,1,1,1,1,1,1,1,1,1,1,1,1,1,1,1,1,1,1,1,1,310; 168; 376; 254; 295
Passeriformes,Bernieridae,Xanthomixis,Xanthomixis apperti,"(Colston, 1972)",Appert's Tetraka ,14,1,yes,no,no,no,no,no,no,3,3,1,no,-999,-999,-999,-999,-999,-999,-999,0,1,0,1,1,1,1,1,1,1,1,1,1,1,1,1,1,1,1,1,1,1,1,1,1,1,1,1,1,1,1,1,1,122; 376; 22; 122; 22; 168; 254
Passeriformes,Bernieridae,Xanthomixis,Xanthomixis cinereiceps,"(Sharpe, 1881)",Grey crowned tetraka,18.2,1,yes,no,no,no,no,no,no,3,3,3,no,-999,3,-999,-999,-999,arboreal,-999,1,1,1,1,1,0,0,0,0,0,0,1,0,0,0,0,0,0,0,1,0,0,0,0,0,0,0,0,0,1,0,0,1,310; 168; 376; 168; 124; 254
Passeriformes,Bernieridae,Xanthomixis,Xanthomixis zosterops,"(Sharpe, 1875)",,19.25,1,yes,no,no,no,no,no,no,3,3,1,no,17.5,2.4,-999,-999,-999,arboreal,-999,1,1,1,1,1,1,1,1,1,1,1,0,1,1,1,0,1,1,1,1,1,0,0,1,1,1,1,1,1,1,1,1,1,127; 127; 376; 22
Passeriformes,Campephagidae,Ceblepyris,Ceblepyris cinereus,"(Müller, 1776)",Ashy Cuckooshrike ,47.2,2,yes,no,yes,no,no,no,no,2,3,3,no,-999,1,-999,-999,-999,arboreal,-999,1,1,1,1,1,1,1,1,1,1,1,1,1,1,1,1,1,1,1,1,0,1,1,1,1,1,1,1,1,1,1,1,1,109; 254; 168; 376; 368; 337
Passeriformes,Cisticolidae,Cisticola,Cisticola cherina,"(Smith, 1843)",Madagascar Cisticola ,10,1,yes,no,no,no,no,no,no,3,3,1,no,-999,4,-999,-999,-999,terrestrial,-999,1,1,1,1,1,1,1,1,1,1,1,1,1,1,1,1,1,1,1,1,1,1,1,1,1,1,1,1,1,1,1,1,1,109; 254; 376; 168; 324
Passeriformes,Cisticolidae,Neomixis,Neomixis pallidior,"Salomonsen, 1934",Subdesert Jery,-999,-999,-999,-999,-999,-999,-999,-999,-999,-999,-999,-999,no,-999,-999,-999,-999,-999,-999,-999,1,1,0,1,1,0,1,0,0,1,1,1,1,0,0,0,1,0,1,1,0,1,1,0,0,1,0,1,0,1,1,0,1,22
Passeriformes,Cisticolidae,Neomixis,Neomixis striatigula,"Sharpe, 1881",Stripe-throated Jery ,8.3,1,yes,no,no,no,no,no,no,3,3,3,no,-999,4,-999,-999,-999,arboreal,-999,1,1,1,1,1,1,1,1,1,0,0,0,1,1,0,0,0,1,1,1,0,0,0,1,1,1,1,1,1,1,1,1,0,109; 368; 168; 376; 254; 322
Passeriformes,Cisticolidae,Neomixis,Neomixis tenella,"(Hartlaub, 1866)",Common Jery ,6.9,1,yes,no,no,no,no,no,no,3,3,3,no,-999,3,-999,-999,-999,arboreal,-999,1,1,1,1,1,1,1,1,1,1,1,1,1,1,1,0,1,1,1,1,0,1,1,1,1,1,1,1,1,1,1,1,1,109; 368; 168; 376; 254; 323
Passeriformes,Cisticolidae,Neomixis,Neomixis viridis,"(Sharpe, 1883)",Green Jery ,7,1,yes,no,no,no,no,no,no,3,3,3,no,-999,-999,-999,-999,-999,arboreal,-999,1,1,1,1,1,1,1,1,1,1,1,1,1,1,1,1,1,1,1,1,1,1,1,1,1,1,1,1,1,1,1,1,1,109; 368; 168; 376; 254
Passeriformes,Corvidae,Corvus,Corvus albus,"Müller, 1776",Pied Crow ,524,5,yes,yes,yes,no,yes,no,yes,2,3,1,no,18.5,4,-999,-999,21.8,arboreal,-999,1,1,1,1,1,1,1,1,1,1,1,1,1,1,1,1,1,1,1,1,1,1,1,1,1,1,1,1,1,1,1,1,1,109; 254; 376; 228; 168; 219
Passeriformes,Dicruridae,Dicrurus,Dicrurus forficatus,"(Linnaeus, 1766)",Crested Drongo ,47.1,3,yes,yes,yes,no,no,no,no,2,3,3,no,-999,3,25.2,18,-999,arboreal,-999,1,1,1,1,1,1,1,1,1,1,1,1,1,1,1,1,1,1,1,1,1,1,1,1,1,1,1,1,1,1,1,1,1,109; 254; 168; 376; 318
Passeriformes,Estrildidae,Lepidopygia,Lepidopygia nana,"(Pucheran, 1845)",Madagascar Mannikin ,8.2,1,no,no,no,no,yes,no,no,1,3,1,no,-999,5.5,-999,-999,-999,arboreal,-999,1,1,1,1,1,0,0,0,0,1,1,1,0,0,0,0,0,0,0,0,0,0,0,0,0,0,0,0,0,0,0,0,1,109; 254; 376; 287; 168
Passeriformes,Hirundinidae,Hirundo,Hirundo rustica ,"Linnaeus, 1758",Barn Swallow,17.5,1,yes,no,no,no,no,no,no,3,3,4,yes,14,4,-999,-999,-999,-999,96,0,0,0,0,0,0,0,0,0,0,0,0,0,0,0,0,0,0,0,0,0,0,0,0,0,0,0,0,0,0,0,0,0,110; 319; 4
Passeriformes,Hirundinidae,Phedina,Phedina borbonica,"(Gmelin, 1789)",Mascarene Martin ,23.9,1,yes,no,no,no,no,no,no,3,3,4,no,-999,2,-999,-999,2.5,aquatic,-999,1,1,1,1,1,0,0,0,1,1,1,1,1,1,0,1,0,1,0,0,0,1,1,1,1,0,1,0,1,1,1,1,1,109; 254; 168; 376; 368; 349; 219
Passeriformes,Hirundinidae,Riparia,Riparia cowani,"(Sharpe, 1882)",Brown Throated Sand Martin,13.5,1,yes,no,no,no,no,no,no,3,3,3,no,-999,3.5,-999,-999,1.36,terrestrial,-999,1,1,1,1,1,1,1,1,1,0,1,0,1,1,0,0,0,1,1,1,0,0,0,1,1,1,1,1,1,1,1,1,1,109; 254; 376; 168; 219
Passeriformes,Hirundinidae,Riparia,Riparia riparia ,"(Linnaeus, 1758)","Collared Sand Martin, Bank Swallow, Sand Martin",15.25,1,yes,no,no,no,no,no,no,3,-999,-999,yes,-999,-999,-999,-999,-999,-999,-999,0,0,0,0,0,0,0,0,0,0,0,0,0,0,0,0,0,0,0,0,0,0,0,0,0,0,0,0,0,0,0,0,0,348; 348; 22
Passeriformes,Locustellidae,Amphilais,Amphilais seebohmi,"(Sharpe, 1879)",Madagascar Grassbird,20,1,yes,no,no,no,no,no,no,3,3,1,no,-999,-999,-999,-999,-999,terrestrial,-999,1,1,1,1,1,1,1,1,1,1,1,1,1,1,1,0,1,1,1,1,1,1,1,1,1,1,1,1,1,1,1,1,1,229; 254; 376; 229; 22
Passeriformes,Locustellidae,Bradypterus,Bradypterus brunneus,"(Sharpe, 1877)",Brown Emu-tail ,14.2,1,yes,no,no,no,no,no,no,3,3,3,no,-999,2,-999,-999,-999,arboreal,-999,1,1,1,1,1,1,1,1,1,0,1,0,1,1,0,0,0,1,1,1,0,0,0,1,1,1,1,1,1,1,1,1,1,109; 254; 168; 376; 292
Passeriformes,Monarchidae,Terpsiphone,Terpsiphone mutata,"(Linnaeus, 1766)",Madagascar Paradise-flycatcher ,13.4,1,yes,no,no,no,no,no,no,3,3,3,no,16,2.5,18.2,13.8,1.8,arboreal,-999,1,1,1,1,1,1,1,1,1,1,1,1,1,1,1,1,1,1,1,1,1,1,1,1,1,1,1,1,1,1,1,1,1,310; 254; 168; 376; 368; 253; 255
Passeriformes,Motacillidae,Motacilla,Motacilla flaviventris,"Hartlaub, 1860",Madagascar Wagtail ,22.5,2,yes,yes,no,no,no,no,no,3,3,1,no,-999,3.5,-999,-999,-999,arboreal,-999,1,1,1,1,1,1,1,1,1,0,1,1,1,1,1,0,1,1,1,1,1,1,1,1,1,1,1,1,1,1,1,1,1,109; 254; 376; 350; 368; 168
Passeriformes,Muscicapidae,Copsychus,Copsychus albospecularis,"(Eydoux & Gervais, 1836)",Madagascar Magpie-robin ,24.4,3,yes,yes,yes,no,no,no,no,2,3,3,no,13,3,-999,-999,-999,arboreal,-999,1,1,1,1,1,1,1,1,1,1,1,1,1,1,1,1,1,1,1,1,1,1,1,1,1,1,1,1,1,1,1,1,1,109; 254; 168; 376; 368; 75
Passeriformes,Muscicapidae,Copsychus,Copsychus pica,"Pelzeln, 1858",Pelzeln's Magpie-robin,-999,-999,-999,-999,-999,-999,-999,-999,-999,-999,-999,-999,no,-999,-999,-999,-999,-999,-999,-999,1,1,1,1,1,1,1,1,0,1,1,1,1,0,1,1,1,1,1,1,1,1,1,1,1,1,0,1,1,1,1,1,1,22
Passeriformes,Muscicapidae,Monticola,Monticola erythronotus,"(Lavauden, 1929)",Amber Mountain Rock-thrush ,31.25,3,yes,no,yes,no,no,yes,no,2,3,3,no,15,1.5,-999,-999,-999,arboreal,-999,1,1,0,0,1,0,0,0,0,0,0,1,0,0,0,0,0,0,0,0,0,0,0,0,0,0,0,0,0,0,0,0,1,310; 377; 376; 168; 254; 72
Passeriformes,Muscicapidae,Monticola,Monticola imerina,"(Hartlaub, 1860)",Littoral Rock-thrush ,28.3,2,yes,no,yes,no,no,no,no,2,3,3,no,-999,3,-999,-999,-999,arboreal,-999,0,1,0,1,0,0,0,0,0,0,0,0,0,0,0,0,0,1,0,0,0,0,0,0,0,0,0,0,1,0,0,0,0,109; 254; 168; 376; 68
Passeriformes,Muscicapidae,Monticola,Monticola sharpei,"(Gray, 1871)",Forest Rock-thrush ,24.8,2,yes,no,yes,no,no,no,no,2,3,3,no,-999,1.5,-999,-999,-999,arboreal,-999,1,1,1,1,1,0,0,0,0,1,1,1,0,0,0,0,0,0,0,0,0,0,0,0,0,0,0,0,0,0,0,0,1,109; 254; 168; 376; 74
Passeriformes,Muscicapidae,Saxicola,Saxicola torquatus,"(Linnaeus, 1766)",Common Stonechat ,15.2,4,yes,yes,yes,no,yes,no,no,2,3,3,yes,14.5,5,-999,-999,1.99,terrestrial,105.6,1,1,1,1,1,1,1,1,0,0,0,0,0,1,0,0,0,0,1,0,1,0,0,1,0,0,1,1,1,1,0,1,0,109; 254; 312; 376; 73; 22; 255; 4
Passeriformes,Nectariniidae,Cinnyris,Cinnyris notatus,"(Müller, 1776)",Long-billed Green Sunbird ,14.3,3,yes,no,no,yes,yes,no,no,2,3,3,no,-999,1,-999,-999,-999,arboreal,-999,1,1,1,1,1,1,1,1,1,1,1,1,1,1,1,1,1,1,1,1,1,1,1,1,1,1,1,1,1,1,1,1,1,310; 254; 168; 376; 368; 61
Passeriformes,Nectariniidae,Cinnyris,Cinnyris sovimanga,"(Gmelin, 1788)",Souimanga Sunbird ,7,2,yes,no,no,yes,no,no,no,2,3,3,no,14,2,-999,-999,0.96,arboreal,-999,1,1,1,1,1,1,1,1,1,1,1,1,1,1,1,1,1,1,1,1,1,1,1,1,1,1,1,1,1,1,1,1,1,310; 254; 168; 376; 62; 255
Passeriformes,Philepittidae,Neodrepanis,Neodrepanis coruscans,"Sharpe, 1875",Sunbird Asity ,6.5,3,yes,no,yes,yes,no,no,no,2,3,3,no,-999,2,-999,-999,-999,arboreal,-999,1,1,1,1,1,1,1,1,1,0,1,0,1,1,0,0,0,1,1,1,0,0,0,1,1,1,1,1,1,1,1,1,1,109; 254; 168; 376; 169
Passeriformes,Philepittidae,Neodrepanis,Neodrepanis hypoxantha,"Salomonsen, 1933",Yellow-bellied Asity ,7.1,2,yes,no,no,yes,no,no,no,2,3,3,no,-999,2,-999,-999,-999,arboreal,-999,0,1,1,0,1,1,1,1,1,0,1,0,1,1,1,0,0,1,1,1,1,0,0,1,1,1,1,1,1,1,1,1,1,109; 254; 168; 376; 174
Passeriformes,Philepittidae,Philepitta,Philepitta castanea,"(Müller, 1776)",Velvet Asity ,35.8,4,yes,no,yes,yes,no,yes,no,2,3,3,no,-999,3,-999,-999,-999,arboreal,-999,1,1,1,1,1,1,1,1,1,1,1,1,1,1,1,1,1,1,1,1,1,1,1,1,1,1,1,1,1,1,1,1,1,109; 254; 168; 376; 173
Passeriformes,Philepittidae,Philepitta,Philepitta schlegeli,"Schlegel, 1875",Schlegel's Asity ,27.9,3,yes,no,yes,yes,no,no,no,2,3,3,no,-999,-999,-999,-999,-999,arboreal,-999,1,1,0,1,1,1,1,1,1,0,1,0,1,1,1,0,0,1,1,1,0,0,0,1,1,1,1,1,1,1,1,1,1,109; 254; 168; 376; 172
Passeriformes,Ploceidae,Foudia,Foudia madagascariensis,"(Linnaeus, 1766)",Madagascar Red Fody ,16,3,yes,no,no,yes,yes,no,no,2,3,3,no,12.5,3,18,12.8,-999,arboreal,-999,1,1,1,1,1,1,1,1,1,1,1,1,1,1,1,1,1,1,1,1,1,1,1,1,1,1,1,1,1,1,1,1,1,109; 254; 168; 376; 80
Passeriformes,Ploceidae,Foudia,Foudia omissa,"Rothschild, 1912",Forest Fody ,18.9,3,yes,no,no,yes,yes,no,no,2,3,3,no,13,2.5,-999,-999,2.26,arboreal,-999,1,1,1,1,1,1,1,1,1,1,1,1,1,1,1,0,1,1,1,1,1,1,1,1,1,1,1,1,1,1,1,1,1,109; 254; 168; 376; 368; 255
Passeriformes,Ploceidae,Ploceus,Ploceus sakalava,"Hartlaub, 1861",Sakalava Weaver ,23.8,3,yes,no,no,no,yes,yes,no,2,3,3,no,-999,3,20.5,15.1,-999,arboreal,-999,1,1,0,1,1,1,1,1,1,0,1,0,1,1,1,0,0,1,1,1,0,0,0,1,1,1,1,1,1,1,1,1,1,109; 254; 168; 376; 81
Passeriformes,Ploceidae ,Ploceus,Ploceus nelicourvi,"(Scopoli, 1786)",Nelicourvi Weaver ,23.8,2,yes,no,yes,no,no,no,no,2,3,3,no,-999,3,21,15.5,2.53,arboreal,-999,1,1,1,1,1,1,1,1,1,1,1,1,1,1,1,1,1,1,1,1,1,1,1,1,1,1,1,1,1,1,1,1,1,109; 254; 168; 376; 79; 255
Passeriformes,Pycnonotidae,Hypsipetes,Hypsipetes madagascariensis,"(P. L. S. Müller, 1776)",Madagascar Black Bulbul ,48.9,5,yes,no,yes,yes,yes,yes,no,2,3,3,no,-999,3,-999,-999,4.75,arboreal,-999,1,1,1,1,1,0,0,0,0,0,1,0,0,0,0,0,0,0,0,0,0,0,0,0,0,0,0,0,0,0,0,0,1,109; 254; 168; 376; 126; 116; 255
Passeriformes,Sturnidae,Hartlaubius,Hartlaubius auratus,"(Müller, 1776)",Madagascar Starling,40.5,3,yes,no,yes,yes,no,no,no,2,3,3,no,-999,-999,-999,-999,-999,arboreal,-999,1,1,1,1,1,1,1,1,1,1,1,1,1,1,1,1,1,1,1,1,0,1,1,1,1,1,1,1,1,1,1,1,1,109; 376; 78; 22
Passeriformes,Vangidae,Artamella,Artamella viridis,"(Müller, 1776)",White-headed Vanga ,48.8,4,yes,yes,yes,no,yes,no,no,2,3,3,no,19,3,-999,-999,-999,arboreal,-999,1,1,1,1,1,1,1,1,1,1,1,1,1,1,1,1,1,1,1,1,0,1,1,1,1,1,1,1,1,1,1,1,1,109; 394; 376; 22
Passeriformes,Vangidae,Calicalicus,Calicalicus madagascariensis,"(Linnaeus, 1766)",Red-tailed Vanga ,16,2,yes,yes,no,no,no,no,no,3,3,3,no,16,2,-999,-999,-999,arboreal,-999,1,1,1,1,1,1,1,1,1,0,1,1,1,1,1,1,1,1,1,1,0,1,1,1,1,1,1,1,1,1,1,1,1,109; 254; 168; 376; 368; 22; 389
Passeriformes,Vangidae,Calicalicus,Calicalicus rufocarpalis,"Goodman, Hawkins & Domergue, 1997",Red-shouldered Vanga ,16.8,2,yes,yes,no,no,no,no,no,3,3,3,no,-999,-999,-999,-999,-999,arboreal,-999,0,0,0,1,0,0,0,0,0,0,0,1,0,0,0,0,0,0,0,0,0,0,0,0,0,0,0,0,0,0,0,0,1,109; 254; 168; 376; 22
Passeriformes,Vangidae,Euryceros,Euryceros prevostii,"Lesson, 1831",Helmet Vanga ,97.6,2,yes,yes,no,no,no,no,no,3,3,3,no,-999,2.5,-999,-999,-999,arboreal,-999,0,1,0,0,1,1,0,0,1,0,0,0,0,1,0,0,0,0,0,0,0,0,0,1,1,0,0,0,1,0,1,1,0,109; 254; 168; 376; 385
Passeriformes,Vangidae,Falculea,Falculea palliata,"Geoffroy Saint-Hilaire, 1836",Sickle-billed Vanga ,111,2,yes,yes,no,no,no,no,no,3,3,3,no,17,3.5,-999,-999,-999,arboreal,-999,1,1,0,1,1,1,1,0,0,1,1,1,0,0,1,1,1,1,1,1,0,1,1,1,1,1,0,1,1,1,1,1,1,109; 254; 168; 376; 391
Passeriformes,Vangidae,Hypositta,Hypositta corallirostris,"(Newton, 1863)",Nuthatch Vanga ,14.1,2,yes,yes,no,no,no,no,no,3,3,3,no,-999,-999,-999,-999,-999,arboreal,-999,1,1,1,1,1,1,1,1,1,0,1,0,1,1,1,0,0,1,1,1,0,0,0,1,1,1,1,1,1,1,1,1,1,109; 168; 395; 376; 254
Passeriformes,Vangidae,Mystacornis,Mystacornis crossleyi,"(Grandidier, 1870)",Crossley's Babbler ,24.5,1,yes,no,no,no,no,no,no,3,3,1,no,-999,2.5,-999,-999,-999,arboreal,-999,1,1,1,1,1,1,0,1,1,0,0,0,0,0,1,1,1,0,0,0,1,1,1,0,1,0,0,1,0,0,1,1,1,109; 254; 168; 376; 71
Passeriformes,Vangidae,Newtonia,Newtonia amphichroa,"Reichenow, 1891",Dark Newtonia ,12.3,1,yes,no,no,no,no,no,no,3,3,3,no,-999,-999,-999,-999,-999,arboreal,-999,1,1,1,1,1,1,1,1,1,1,1,1,1,1,1,1,1,1,1,1,0,1,1,1,1,1,1,1,1,1,1,1,1,109; 254; 168; 376
Passeriformes,Vangidae,Newtonia,Newtonia archboldi,"Delacour & Berlioz, 1931",Archbold's Newtonia ,7.8,1,yes,no,no,no,no,no,no,3,3,3,no,-999,-999,-999,-999,-999,arboreal,-999,0,1,0,1,1,1,1,1,1,1,1,0,1,1,1,0,0,1,1,1,1,0,0,1,1,1,1,1,1,1,1,1,1,109; 254; 168; 376; 368
Passeriformes,Vangidae,Newtonia,Newtonia brunneicauda,"(Newton, 1863)",Common Newtonia ,10.1,1,yes,no,no,no,no,no,no,3,3,3,no,-999,-999,-999,-999,-999,arboreal,-999,1,1,1,1,1,0,0,0,0,1,1,1,0,0,0,0,0,0,0,0,0,0,1,0,0,0,0,0,0,0,0,0,1,109; 254; 168; 376; 368
Passeriformes,Vangidae,Newtonia,Newtonia fanovanae,"Gyldenstolpe, 1933",Red-tailed Newtonia ,12.7,1,yes,no,no,no,no,no,no,3,3,3,no,-999,-999,-999,-999,-999,arboreal,-999,0,1,1,1,1,1,1,1,1,1,1,1,1,1,1,1,1,1,1,1,1,1,1,1,1,1,1,1,1,1,1,1,1,109; 254; 168; 376
Passeriformes,Vangidae,Oriolia,Oriolia bernieri,"Geoffroy Saint-Hilaire, 1838",Bernier's Vanga ,52,2,yes,yes,no,no,no,no,no,3,3,3,no,17,3,-999,-999,-999,arboreal,-999,0,1,1,0,1,0,0,0,1,1,1,1,1,1,0,1,0,1,0,0,0,1,1,1,1,0,1,0,1,1,1,1,1,109; 168; 376; 22; 254; 383
Passeriformes,Vangidae,Pseudobias,Pseudobias wardi,"Sharpe, 1870",Ward's Flycatcher ,12.7,1,yes,no,no,no,no,no,no,3,3,3,no,-999,-999,-999,-999,-999,arboreal,-999,1,1,1,1,1,1,1,1,1,0,1,1,1,1,1,1,1,1,1,1,0,1,1,1,1,1,1,1,1,1,1,1,1,109; 254; 168; 376
Passeriformes,Vangidae,Schetba,Schetba rufa,"(Linnaeus, 1766)",Rufous Vanga ,70.4,2,yes,yes,no,no,no,no,no,3,3,3,no,16.5,4,-999,-999,-999,arboreal,-999,1,1,1,1,1,1,1,1,1,1,1,1,1,1,1,1,1,1,1,1,1,1,1,1,1,1,1,1,1,1,1,1,1,109; 254; 168; 376; 368; 390
Passeriformes,Vangidae,Tylas,Tylas eduardi,"Hartlaub, 1862",Tylas Vanga ,46.8,1,yes,no,no,no,no,no,no,3,3,3,no,16,2,-999,-999,-999,arboreal,-999,1,1,1,1,1,1,1,1,1,1,1,1,1,1,1,1,1,1,1,1,1,1,1,1,1,1,1,1,1,1,1,1,1,310; 254; 168; 376; 368; 392
Passeriformes,Vangidae,Vanga,Vanga curvirostris,"(Linnaeus, 1766)",Hook-billed Vanga ,66.7,2,yes,yes,no,no,no,no,no,3,3,3,no,23,3,-999,-999,-999,arboreal,-999,1,1,1,1,1,0,0,0,0,0,0,1,0,0,0,0,0,0,0,0,0,0,1,0,0,0,0,0,0,0,0,0,1,310; 254; 168; 376; 368; 386
Passeriformes,Vangidae,Xenopirostris,Xenopirostris damii,"Schlegel, 1866",Van Dam's Vanga ,65,2,yes,yes,no,no,no,no,no,3,3,3,no,-999,3.5,-999,-999,-999,arboreal,-999,1,0,0,0,1,1,1,1,1,0,1,1,1,1,1,0,0,1,1,1,0,0,0,1,1,1,1,1,1,1,1,1,1,376; 168; 376; 393; 254
Passeriformes,Vangidae,Xenopirostris,Xenopirostris polleni,"(Schlegel, 1868)",Pollen's Vanga ,64.5,2,yes,yes,no,no,no,no,no,3,3,3,no,-999,2,-999,-999,-999,arboreal,-999,0,1,1,1,1,0,0,0,0,0,0,0,0,0,1,1,0,1,0,0,0,0,0,0,1,0,0,0,1,0,1,0,0,310; 168; 388; 376; 254
Passeriformes,Vangidae,Xenopirostris,Xenopirostris xenopirostris,"(Lafresnaye, 1850)",Lafresnaye's Vanga ,59.5,2,yes,yes,no,no,no,no,no,3,3,3,no,-999,2,-999,-999,-999,arboreal,-999,0,0,0,1,1,1,1,1,1,0,1,0,1,1,1,0,0,0,1,1,0,0,0,0,1,1,1,1,0,1,1,1,1,310; 168; 376; 254; 387
Passeriformes,Vangidae ,Cyanolanius,Cyanolanius madagascarinus,"(Linnaeus, 1766)",Blue Vanga ,22.3,2,yes,no,yes,no,no,no,no,2,3,3,no,16,2,-999,-999,-999,arboreal,-999,1,1,1,1,1,1,1,1,1,1,1,1,1,1,1,1,1,1,1,1,0,1,1,1,1,1,1,1,1,1,1,1,1,109; 396; 168; 376; 254
Passeriformes,Vangidae ,Leptopterus,Leptopterus chabert,"(Müller, 1776)",Chabert's Vanga ,19.6,3,yes,yes,yes,no,no,no,no,2,3,3,no,-999,3.5,-999,-999,-999,arboreal,-999,1,1,1,1,1,1,1,1,1,1,1,1,1,1,1,1,1,1,1,1,1,1,1,1,1,1,1,1,1,1,1,1,1,109; 254; 168; 384; 376; 368
Passeriformes,Zosteropidae,Zosterops,Zosterops maderaspatanus,"(Linnaeus, 1766)",Madagascar White-eye ,11.2,5,yes,no,yes,yes,yes,yes,no,2,3,1,no,-999,2,15.85,12.35,-999,arboreal,-999,1,1,1,1,1,1,1,1,1,1,1,1,1,1,1,1,1,1,1,1,1,1,1,1,1,1,1,1,1,1,1,1,1,310; 254; 376; 352; 368; 168
Pelecaniformes,Ardeidae,Ardea,Ardea alba,"Linnaeus, 1758",Great Egret ,1200,2,yes,yes,no,no,no,no,no,3,3,1,yes,24.25,3.5,56,40,61,arboreal,273.6,1,1,1,1,1,1,1,1,1,1,1,1,1,1,1,1,1,1,1,1,1,1,1,1,1,1,1,1,1,1,1,1,1,235; 235; 376; 22; 4; 219
Pelecaniformes,Ardeidae,Ardea,Ardea cinerea,"Linnaeus, 1758",Grey Heron ,1443,2,yes,yes,no,no,no,no,no,3,3,1,yes,25.5,4.11,61,44,61,arboreal,450,1,1,1,1,1,1,1,1,1,1,1,1,1,1,1,1,1,1,1,1,0,1,1,1,1,1,1,1,1,1,1,1,1,109; 254; 376; 236; 116; 25; 219; 4
Pelecaniformes,Ardeidae,Ardea,Ardea humbloti,"Milne-Edwards & Grandidier, 1885",Madagascar Heron ,1649.86,2,yes,yes,no,no,no,no,no,3,3,1,no,-999,3,-999,-999,-999,arboreal,-999,1,1,0,1,1,0,0,0,1,1,1,1,0,0,1,1,0,1,0,0,0,1,1,1,1,0,0,0,1,0,1,1,1,376; 254; 376; 237; 168
Pelecaniformes,Ardeidae,Ardea,Ardea purpurea,"Linnaeus, 1766",Purple Heron ,1065.5,2,yes,yes,no,no,no,no,no,3,2,1,yes,27.5,5,52.65,39.5,51,terrestrial,304.8,1,1,1,1,1,1,1,1,1,1,1,1,1,1,1,1,1,1,1,1,1,1,1,1,1,1,1,1,1,1,1,1,1,109; 254; 376; 239; 116; 219; 4
Pelecaniformes,Ardeidae,Ardeola,Ardeola idae,"(Hartlaub, 1860)",Madagascar Pond-heron ,266,2,yes,yes,no,no,no,no,no,3,3,1,yes,20,3,41,32.5,21.5,arboreal,-999,1,1,1,1,1,1,1,1,1,1,1,1,1,1,1,1,1,1,1,1,1,1,1,1,1,1,1,1,1,1,1,1,1,376; 254; 376; 238; 22; 255
Pelecaniformes,Ardeidae,Ardeola,Ardeola ralloides,"(Scopoli, 1769)",Squacco Heron ,287,2,yes,yes,no,no,no,no,no,3,2,1,yes,16.5,3,37.3,27.5,15.6,arboreal,70,1,1,1,1,1,1,1,1,1,1,1,1,1,1,1,1,1,1,1,1,1,1,1,1,1,1,1,1,1,1,1,1,1,109; 254; 376; 240; 116; 255
Pelecaniformes,Ardeidae,Bubulcus,Bubulcus ibis,"(Linnaeus, 1758)",Cattle Egret ,366,3,yes,yes,no,no,no,no,yes,2,3,1,yes,22.75,3.75,46.25,33.15,34.8,arboreal,276,1,1,1,1,1,1,1,1,1,1,1,1,1,1,1,1,1,1,1,1,1,1,1,1,1,1,1,1,1,1,1,1,1,109; 254; 376; 233; 187; 4; 219
Pelecaniformes,Ardeidae,Butorides,Butorides striata,"(Linnaeus, 1758)",Green-backed Heron,226,2,yes,yes,no,no,no,no,no,3,2,1,yes,24,3,37.7,29,15.5,arboreal,95,1,1,1,1,1,1,1,1,1,1,1,1,1,1,1,1,1,1,1,1,1,1,1,1,1,1,1,1,1,1,1,1,1,109; 254; 376; 241; 22; 255
Pelecaniformes,Ardeidae,Egretta,Egretta ardesiaca,"(Wagler, 1827)",Black Heron ,324,2,yes,yes,no,no,no,no,no,3,3,1,no,-999,3,46.9,32.2,28,terrestrial,-999,1,1,1,1,1,1,1,1,1,1,1,1,1,1,1,1,1,1,1,1,1,1,1,1,1,1,1,1,1,1,1,1,1,109; 254; 376; 231; 168; 219
Pelecaniformes,Ardeidae,Egretta,Egretta gularis,"(Bosc, 1792)",Little Egret,346,2,yes,yes,no,no,no,no,no,3,3,1,yes,27,2.5,45.35,32.85,29.13,terrestrial,268.08,1,1,1,1,1,1,1,1,1,1,1,1,1,1,1,1,1,1,1,1,1,1,1,1,1,1,1,1,1,1,1,1,1,110; 376; 99; 254; 22; 255
Pelecaniformes,Ardeidae,Ixobrychus,Ixobrychus minutus,"(Linnaeus, 1766)",Little Bittern ,118,2,yes,yes,no,no,no,no,no,3,2,1,yes,18.5,5.5,34,25.5,11.5,terrestrial,82.8,1,1,1,1,1,1,1,1,1,1,1,1,1,1,1,1,1,1,1,1,1,1,1,1,1,1,1,1,1,1,1,1,1,109; 254; 376; 234; 22; 4
Pelecaniformes,Ardeidae,Nycticorax,Nycticorax nycticorax,"(Linnaeus, 1758)",Black-crowned Night-heron ,810,2,yes,yes,no,no,no,no,no,3,2,1,yes,23.75,4.25,50.9,35.8,34,arboreal,253.2,1,1,1,1,1,1,1,1,1,1,1,1,1,1,1,1,1,1,1,1,0,1,1,1,1,1,1,1,1,1,1,1,1,109; 376; 22; 232; 22; 4; 219
Pelecaniformes,Pelecanidae,Pelecanus,Pelecanus rufescens,"Gmelin, 1789",Pink-backed Pelican ,5445,1,no,yes,no,no,no,no,no,3,3,1,no,30,2,82.1,54.6,116,arboreal,-999,1,0,0,0,0,0,0,0,0,0,0,0,0,1,0,0,0,0,0,0,0,0,0,0,0,0,0,0,0,0,0,1,0,109; 376; 22; 112; 22; 219; 255
Pelecaniformes,Scopidae,Scopus,Scopus umbretta,"Gmelin, 1789",Hamerkop ,535,2,yes,yes,no,no,no,no,no,3,3,1,no,30,4.5,-999,-999,28.5,terrestrial,-999,1,1,1,1,1,1,1,1,1,1,1,1,1,1,1,1,1,1,1,1,0,1,1,1,1,1,1,1,1,1,1,1,1,110; 254; 376; 114; 168; 219
Pelecaniformes,Threskiornithidae,Platalea,Platalea alba,"Scopoli, 1786",African Spoonbill ,1521,2,yes,yes,no,no,no,no,no,3,3,1,no,27,3,-999,-999,69,terrestrial,214.8,1,1,0,1,1,0,0,0,0,1,0,1,0,0,1,1,0,1,0,0,0,1,1,1,1,0,0,0,1,0,1,0,1,109; 254; 376; 242; 168; 255; 4
Pelecaniformes,Threskiornithidae,Plegadis,Plegadis falcinellus,"(Linnaeus, 1766)",Glossy Ibis ,595,2,yes,yes,no,no,no,no,no,3,3,1,yes,21.25,3.5,-999,-999,38,arboreal,321.6,1,1,1,1,1,1,0,1,1,0,0,0,0,0,1,1,1,0,0,0,0,1,1,0,0,0,0,1,0,0,1,1,1,244; 254; 376; 244; 22; 4; 219
Pelecaniformes,Threskiornithidae,Threskiornis,Threskiornis bernieri,"(Bonaparte, 1855)",Madagascar Sacred Ibis,1493.18,2,yes,yes,no,no,no,no,no,3,3,1,no,28.5,2,-999,-999,62,arboreal,444,1,0,0,1,1,0,0,0,0,1,0,1,0,0,0,0,0,0,1,1,0,0,1,0,0,0,0,0,0,1,0,0,1,376; 254; 376; 93; 168; 255
Pelecaniformes,Threskiornithidae ,Lophotibis,Lophotibis cristata,"(Boddaert, 1783)",Madagascar Crested Ibis ,583,2,yes,yes,no,no,no,no,no,3,3,1,no,-999,2.5,62,42,-999,arboreal,-999,1,1,1,1,1,1,0,0,1,1,1,1,1,1,1,1,0,1,1,1,0,1,1,1,1,0,1,0,1,1,1,1,1,376; 254; 376; 168; 368; 243
Phaethontiformes,Phaethontidae,Phaethon,Phaethon lepturus,"Daudin, 1802",White-tailed Tropicbird ,335,2,yes,yes,no,no,no,no,no,3,3,1,yes,41,1,-999,-999,45,terrestrial,-999,1,1,0,0,1,0,0,0,0,0,0,0,0,0,0,0,0,0,0,0,0,1,0,0,0,0,0,0,0,0,1,0,0,109; 376; 22; 265; 22; 219
Phaethontiformes,Phaethontidae ,Phaethon,Phaethon rubricauda,"Boddaert, 1783",Red-tailed Tropicbird ,659,2,yes,yes,no,no,no,no,no,3,3,1,yes,44.5,1,67.3,48.1,87,terrestrial,392.4,1,1,0,1,1,0,0,0,0,0,0,0,0,0,0,0,0,1,0,0,0,0,0,1,1,0,0,0,1,0,1,0,0,109; 376; 22; 266; 22; 4; 219; 255
Podicipediformes,Podicipedidae,Tachybaptus,Tachybaptus pelzelnii,"(Hartlaub, 1861)",Madagascar Grebe ,197,2,yes,yes,no,no,no,no,no,3,3,1,no,-999,3.5,-999,-999,-999,aquatic,-999,1,1,1,1,1,0,0,0,1,1,1,1,1,1,0,1,0,1,0,0,0,1,1,1,1,0,1,0,1,1,1,1,1,310; 376; 221; 168
Podicipediformes,Podicipedidae,Tachybaptus,Tachybaptus ruficollis,"(Pallas, 1764)",Little Grebe ,183,2,yes,yes,no,no,no,no,no,3,3,1,no,46,6,-999,-999,13.7,aquatic,210,1,1,1,1,1,1,1,1,1,1,1,1,1,1,1,1,1,1,1,1,1,1,1,1,1,1,1,1,1,1,1,1,1,220; 220; 376; 168; 219; 4
Procellariiformes,Diomedeidae,Diomedea,Diomedea exulans,"Linnaeus, 1758",Wandering Albatross,8130,2,yes,yes,no,no,no,no,no,3,-999,1,yes,78.5,1,130.8,81,463.85,-999,600,0,0,0,0,0,0,0,0,0,0,0,0,0,0,0,0,0,0,0,0,0,0,0,0,0,0,0,0,0,0,0,0,0,4; 376; 22; 255; 4
Procellariiformes,Diomedeidae,Thalassarche,Thalassarche carteri,"(Rothschild, 1903)",Indian Yellow-nosed Albatross,2550,2,yes,yes,no,no,no,no,no,3,3,1,yes,71,1,96.4,60.4,199.8,terrestrial,444,0,1,0,1,0,1,1,1,1,1,1,1,1,1,1,1,1,1,1,1,1,1,1,1,1,1,1,1,1,1,1,1,1,110; 376; 22; 95; 22; 255
Procellariiformes,Oceanitidae,Fregetta,Fregetta tropica,"(Gould, 1844)",Black-bellied Storm-petrel ,52,2,yes,yes,no,no,no,no,no,3,3,4,yes,39.5,1,36.5,27.25,14.75,-999,-999,1,1,0,1,1,0,0,0,1,1,1,1,1,1,0,1,0,1,0,0,0,1,1,1,1,0,1,0,1,1,1,1,1,109; 116; 376; 47; 168; 255; 254
Procellariiformes,Oceanitidae,Oceanites,Oceanites oceanicus,"(Kuhl, 1820)",Wilson's Storm-petrel ,30.45,3,yes,yes,no,no,no,no,yes,2,3,1,yes,43,1,33.3,23.4,9.9,terrestrial,-999,1,1,0,1,1,1,1,1,1,1,1,1,1,1,1,1,1,1,1,1,1,1,1,1,1,1,1,1,1,1,1,1,1,109; 376; 22; 50; 168
Procellariiformes,Procellariidae,Ardenna,Ardenna pacifica,"(Gmelin, 1789)",Wedge-tailed Shearwater ,388,2,yes,yes,no,no,no,no,no,3,3,1,yes,55.5,1,61.4,41.1,60,terrestrial,-999,1,1,0,1,1,0,0,0,1,1,1,1,1,1,0,1,0,1,0,0,0,1,1,1,1,0,1,0,1,1,1,1,1,109; 376; 22; 49; 168
Procellariiformes,Procellariidae,Calonectris,Calonectris borealis,"(Cory, 1881)",Cory's Shearwater ,535,3,yes,yes,no,no,no,no,yes,2,2,1,yes,54,1,71.6,52.3,74,terrestrial,298,0,0,0,1,0,0,0,0,0,1,0,1,0,0,0,0,0,0,0,0,0,0,1,0,0,0,0,0,0,0,0,0,1,109; 376; 101; 168; 219; 255
Procellariiformes,Procellariidae,Macronectes,Macronectes giganteus,"(Gmelin, 1789)",Southern Giant-Petrel,4400,2,yes,yes,no,no,no,no,no,3,-999,1,yes,59,1,105.9,65.7,241.5,-999,564,0,0,0,0,0,0,0,0,0,0,0,0,0,0,0,0,0,0,0,0,0,0,0,0,0,0,0,0,0,0,0,0,0,48; 376; 22; 255; 4
Procellariiformes,Procellariidae,Procellaria,Procellaria aequinoctialis,"Linnaeus, 1758",White-chinned Petrel,1286,2,yes,yes,no,no,no,no,no,3,-999,1,yes,60,1,82.9,53.7,124,-999,360,0,0,0,0,0,0,0,0,0,0,0,0,0,0,0,0,0,0,0,0,0,0,0,0,0,0,0,0,0,0,0,0,0,51; 376; 22; 255
Psittaciformes,Psittacidae,Agapornis,Agapornis canus,"(Gmelin, 1788)",Grey-headed Lovebird ,30,2,no,no,yes,no,yes,no,no,1,3,1,no,21.5,4,18.2,15.1,2.65,arboreal,-999,1,1,1,1,1,1,1,1,1,1,1,1,1,1,1,1,1,1,1,1,0,1,1,1,1,1,1,1,1,1,1,1,1,109; 254; 168; 376; 70; 255
Psittaciformes,Psittacidae,Coracopsis,Coracopsis vasa,"(Shaw, 1812)",Greater Vasa Parrot ,525,2,no,no,yes,no,yes,no,no,1,3,3,no,47,3,-999,-999,-999,arboreal,646.8,1,1,1,1,1,1,1,1,1,1,1,1,1,1,1,1,1,1,1,1,0,1,1,1,1,1,1,1,1,1,1,1,1,109; 254; 168; 376; 67; 4
Psittaciformes,Psittacidae ,Coracopsis,Coracopsis nigra,"(Linnaeus, 1758)",Black Parrot ,246,4,no,no,yes,yes,yes,yes,no,1,3,3,no,18,3.5,38.6,30.5,-999,arboreal,409.2,1,1,1,1,1,1,1,1,1,1,1,1,1,1,1,1,1,1,1,1,1,1,1,1,1,1,1,1,1,1,1,1,1,109; 254; 168; 376; 69; 368; 4
Pteroclidiformes,Pteroclididae,Pterocles,Pterocles personatus,"Gould, 1843",Madagascar Sandgrouse ,244,2,yes,no,no,no,yes,no,no,2,3,1,no,-999,3,45.05,32.6,14,terrestrial,-999,1,1,0,1,1,1,1,1,1,1,1,1,1,1,0,0,1,1,1,1,0,1,1,1,1,1,1,1,1,1,1,1,1,376; 254; 168; 376; 88; 219
Strigiformes,Strigidae,Asio,Asio capensis,"(Smith, 1834)",Marsh Owl ,334,2,yes,yes,no,no,no,no,no,3,1,1,no,28,2.5,-999,-999,26.2,terrestrial,-999,1,0,0,1,1,1,0,1,0,0,0,1,0,0,0,0,0,0,0,0,1,0,0,1,0,1,0,1,1,0,0,1,1,109; 254; 376; 263; 116; 168; 219
Strigiformes,Strigidae,Asio,Asio madagascariensis,"(Smith, 1834)",Madagascar Owl ,407,2,yes,yes,no,no,no,no,no,3,1,3,no,-999,-999,-999,-999,-999,arboreal,-999,1,1,1,1,1,1,1,1,1,1,1,1,1,1,1,1,1,1,1,1,1,1,1,1,1,1,1,1,1,1,1,1,1,376; 254; 168; 376; 368
Strigiformes,Strigidae,Athene,Athene superciliaris,"(Vieillot, 1817)",White-browed Hawk-owl ,231,2,yes,yes,no,no,no,no,no,3,1,3,no,-999,4,36,29.05,-999,arboreal,-999,1,1,1,1,1,1,1,1,1,1,1,1,1,1,1,1,1,1,1,1,0,1,1,1,1,1,1,1,1,1,1,1,1,109; 254; 168; 376; 182
Strigiformes,Strigidae,Otus,Otus rutilus,"(Pucheran, 1849)",Malagasy Scops-owl ,101,2,yes,yes,no,no,no,no,no,3,1,3,no,-999,3.5,-999,-999,-999,arboreal,-999,1,1,1,1,1,1,0,0,1,0,0,0,1,1,0,0,0,0,1,1,0,0,0,1,1,0,1,0,1,1,1,1,0,109; 254; 168; 376; 181
Strigiformes,Tytonidae,Tyto,Tyto alba,"(Scopoli, 1769)",Barn Owl ,424.65,2,yes,yes,no,no,no,no,no,3,1,3,no,32.25,7.5,39.7,31.6,20.7,arboreal,408,1,1,1,1,1,1,1,1,1,0,1,1,1,1,1,0,0,1,1,1,0,1,1,1,1,1,1,1,1,1,1,1,1,31; 31; 376; 31; 168; 4; 219
Strigiformes,Tytonidae,Tyto,Tyto soumagnei,"(Milne Edwards, 1878)",Madagascar Red Owl ,284,2,yes,yes,no,no,no,no,no,3,1,3,no,-999,-999,-999,-999,-999,arboreal,-999,1,1,1,1,1,1,1,1,1,1,1,1,1,1,1,1,1,1,1,1,1,1,1,1,1,1,1,1,1,1,1,1,1,310; 168; 376; 254
Suliformes,Anhingidae,Anhinga,Anhinga rufa,"(Daudin, 1802)",African Darter ,1396.5,2,yes,yes,no,no,no,no,no,3,3,1,no,28,4,-999,-999,36,arboreal,192,1,1,1,1,1,1,1,1,1,1,1,1,1,1,1,1,1,1,1,1,1,1,1,1,1,1,1,1,1,1,1,1,1,109; 254; 376; 91; 22; 255
Suliformes,Fregatidae,Fregata,Fregata ariel,"(Gray, 1845)",Lesser Frigatebird ,806,3,yes,yes,no,no,no,no,yes,2,3,1,no,45,1,64,44,66,arboreal,331.2,1,1,0,0,1,0,0,0,1,0,0,0,0,0,0,1,0,1,0,0,0,1,0,1,1,0,0,0,1,0,1,1,0,109; 254; 376; 268; 168; 219; 255; 4
Suliformes,Fregatidae,Fregata,Fregata minor,"(Gmelin, 1789)",Greater Frigatebird ,1362,3,yes,yes,no,no,no,no,yes,2,3,1,no,55.5,1,70,48.25,74,arboreal,516,1,1,0,1,1,0,0,0,1,0,0,1,0,0,0,1,0,1,0,0,0,1,1,1,1,0,0,0,1,0,1,1,1,109; 254; 376; 270; 168; 4; 219
Suliformes,Phalacrocoracidae,Microcarbo,Microcarbo africanus,"(Gmelin, 1789)",Long tailed Cormorant ,545,2,yes,yes,no,no,no,no,no,3,3,1,no,24,4,-999,-999,23,arboreal,-999,1,1,1,1,1,1,1,0,0,0,0,0,0,0,1,1,1,1,0,0,0,1,1,1,1,1,0,1,1,1,1,1,1,109; 254; 376; 267; 168; 219
Suliformes,Sulidae,Sula,Sula leucogaster,"(Boddaert, 1783)",Brown booby,1219,2,yes,yes,no,no,no,no,no,3,-999,1,yes,42,2,61,40,53,terrestrial,326.4,1,0,0,1,1,0,0,0,1,1,1,0,1,1,0,1,0,1,0,0,0,1,0,1,1,0,1,0,1,1,1,1,1,109; 254; 376; 45; 168; 4; 219
Suliformes,Sulidae,Sula,Sula sula,"(Linnaeus, 1766)",Red-footed Booby ,951.5,2,yes,yes,no,no,no,no,no,3,2,1,yes,44.5,1,60,39.75,53,arboreal,276,1,1,0,1,1,0,0,0,0,1,0,1,0,0,0,1,0,1,0,0,0,1,1,1,1,0,0,0,1,0,1,0,1,46; 254; 376; 46; 22; 4; 219
